Speaker,Audio_File,Recognized_Speaker,Distance,Result
A.R.Rahman,D:\Voice Authetication ESPNET\datasetvox\vox1_indian\content\vox_indian\id10002\00001_14.wav,A.R.Rahman,8.200273513793945,1
A.R.Rahman,D:\Voice Authetication ESPNET\datasetvox\vox1_indian\content\vox_indian\id10002\00002.wav,A.R.Rahman,12.84031867980957,1
A.R.Rahman,D:\Voice Authetication ESPNET\datasetvox\vox1_indian\content\vox_indian\id10002\00003_1.wav,John_Abraham,9.024230003356934,0
A.R.Rahman,D:\Voice Authetication ESPNET\datasetvox\vox1_indian\content\vox_indian\id10002\00002_11.wav,A.R.Rahman,7.059830188751221,1
A.R.Rahman,D:\Voice Authetication ESPNET\datasetvox\vox1_indian\content\vox_indian\id10002\00006_1.wav,A.R.Rahman,15.194634437561035,1
A.R.Rahman,D:\Voice Authetication ESPNET\datasetvox\vox1_indian\content\vox_indian\id10002\00005_2.wav,A.R.Rahman,10.345946311950684,1
A.R.Rahman,D:\Voice Authetication ESPNET\datasetvox\vox1_indian\content\vox_indian\id10002\00006_4.wav,A.R.Rahman,14.657392501831055,1
A.R.Rahman,D:\Voice Authetication ESPNET\datasetvox\vox1_indian\content\vox_indian\id10002\00010_3.wav,A.R.Rahman,9.603800773620605,1
A.R.Rahman,D:\Voice Authetication ESPNET\datasetvox\vox1_indian\content\vox_indian\id10002\00008_1.wav,A.R.Rahman,16.6859188079834,1
A.R.Rahman,D:\Voice Authetication ESPNET\datasetvox\vox1_indian\content\vox_indian\id10002\00022.wav,A.R.Rahman,9.4037504196167,1
A.R.Rahman,D:\Voice Authetication ESPNET\datasetvox\vox1_indian\content\vox_indian\id10002\00024.wav,Shahid_Kapoor,10.087479591369629,0
A.R.Rahman,D:\Voice Authetication ESPNET\datasetvox\vox1_indian\content\vox_indian\id10002\00007_3.wav,A.R.Rahman,8.032240867614746,1
A.R.Rahman,D:\Voice Authetication ESPNET\datasetvox\vox1_indian\content\vox_indian\id10002\00023.wav,A.R.Rahman,9.495624542236328,1
A.R.Rahman,D:\Voice Authetication ESPNET\datasetvox\vox1_indian\content\vox_indian\id10002\00010_4.wav,A.R.Rahman,9.769896507263184,1
A.R.Rahman,D:\Voice Authetication ESPNET\datasetvox\vox1_indian\content\vox_indian\id10002\00009_2.wav,A.R.Rahman,9.471465110778809,1
A.R.Rahman,D:\Voice Authetication ESPNET\datasetvox\vox1_indian\content\vox_indian\id10002\00002_6.wav,Aamir_Khan,10.084371566772461,0
A.R.Rahman,D:\Voice Authetication ESPNET\datasetvox\vox1_indian\content\vox_indian\id10002\00033.wav,A.R.Rahman,16.03508758544922,1
A.R.Rahman,D:\Voice Authetication ESPNET\datasetvox\vox1_indian\content\vox_indian\id10002\00013.wav,A.R.Rahman,14.446821212768555,1
A.R.Rahman,D:\Voice Authetication ESPNET\datasetvox\vox1_indian\content\vox_indian\id10002\00003_8.wav,A.R.Rahman,8.72656536102295,1
A.R.Rahman,D:\Voice Authetication ESPNET\datasetvox\vox1_indian\content\vox_indian\id10002\00007_5.wav,A.R.Rahman,8.27967643737793,1
A.R.Rahman,D:\Voice Authetication ESPNET\datasetvox\vox1_indian\content\vox_indian\id10002\00003_2.wav,A.R.Rahman,12.591264724731445,1
A.R.Rahman,D:\Voice Authetication ESPNET\datasetvox\vox1_indian\content\vox_indian\id10002\00001_6.wav,A.R.Rahman,9.546438217163086,1
A.R.Rahman,D:\Voice Authetication ESPNET\datasetvox\vox1_indian\content\vox_indian\id10002\00025_1.wav,A.R.Rahman,9.913069725036621,1
A.R.Rahman,D:\Voice Authetication ESPNET\datasetvox\vox1_indian\content\vox_indian\id10002\00003_4.wav,A.R.Rahman,10.122763633728027,1
A.R.Rahman,D:\Voice Authetication ESPNET\datasetvox\vox1_indian\content\vox_indian\id10002\00005_1.wav,A.R.Rahman,11.248019218444824,1
A.R.Rahman,D:\Voice Authetication ESPNET\datasetvox\vox1_indian\content\vox_indian\id10002\00003_6.wav,A.R.Rahman,17.428733825683594,1
A.R.Rahman,D:\Voice Authetication ESPNET\datasetvox\vox1_indian\content\vox_indian\id10002\00017.wav,Aamir_Khan,9.991704940795898,0
A.R.Rahman,D:\Voice Authetication ESPNET\datasetvox\vox1_indian\content\vox_indian\id10002\00021.wav,A.R.Rahman,8.784332275390625,1
A.R.Rahman,D:\Voice Authetication ESPNET\datasetvox\vox1_indian\content\vox_indian\id10002\00005.wav,Om_Puri,17.89397430419922,0
A.R.Rahman,D:\Voice Authetication ESPNET\datasetvox\vox1_indian\content\vox_indian\id10002\00005_4.wav,A.R.Rahman,14.505012512207031,1
A.R.Rahman,D:\Voice Authetication ESPNET\datasetvox\vox1_indian\content\vox_indian\id10002\00001_5.wav,A.R.Rahman,11.51476764678955,1
A.R.Rahman,D:\Voice Authetication ESPNET\datasetvox\vox1_indian\content\vox_indian\id10002\00007.wav,A.R.Rahman,13.9522066116333,1
A.R.Rahman,D:\Voice Authetication ESPNET\datasetvox\vox1_indian\content\vox_indian\id10002\00032.wav,A.R.Rahman,12.862595558166504,1
A.R.Rahman,D:\Voice Authetication ESPNET\datasetvox\vox1_indian\content\vox_indian\id10002\00009_1.wav,A.R.Rahman,13.338842391967773,1
A.R.Rahman,D:\Voice Authetication ESPNET\datasetvox\vox1_indian\content\vox_indian\id10002\00002_7.wav,A.R.Rahman,11.596126556396484,1
A.R.Rahman,D:\Voice Authetication ESPNET\datasetvox\vox1_indian\content\vox_indian\id10002\00008_2.wav,A.R.Rahman,8.973793029785156,1
A.R.Rahman,D:\Voice Authetication ESPNET\datasetvox\vox1_indian\content\vox_indian\id10002\00011.wav,A.R.Rahman,11.028705596923828,1
A.R.Rahman,D:\Voice Authetication ESPNET\datasetvox\vox1_indian\content\vox_indian\id10002\00008.wav,A.R.Rahman,11.747385025024414,1
A.R.Rahman,D:\Voice Authetication ESPNET\datasetvox\vox1_indian\content\vox_indian\id10002\00001_1.wav,A.R.Rahman,7.300233364105225,1
A.R.Rahman,D:\Voice Authetication ESPNET\datasetvox\vox1_indian\content\vox_indian\id10002\00009.wav,A.R.Rahman,12.912154197692871,1
A.R.Rahman,D:\Voice Authetication ESPNET\datasetvox\vox1_indian\content\vox_indian\id10002\00002_2.wav,Shahid_Kapoor,8.272659301757812,0
A.R.Rahman,D:\Voice Authetication ESPNET\datasetvox\vox1_indian\content\vox_indian\id10002\00009_4.wav,A.R.Rahman,9.317931175231934,1
A.R.Rahman,D:\Voice Authetication ESPNET\datasetvox\vox1_indian\content\vox_indian\id10002\00002_8.wav,A.R.Rahman,15.021318435668945,1
A.R.Rahman,D:\Voice Authetication ESPNET\datasetvox\vox1_indian\content\vox_indian\id10002\00015.wav,A.R.Rahman,7.278151035308838,1
A.R.Rahman,D:\Voice Authetication ESPNET\datasetvox\vox1_indian\content\vox_indian\id10002\00001_7.wav,A.R.Rahman,9.520349502563477,1
Aamir_Khan,D:\Voice Authetication ESPNET\datasetvox\vox1_indian\content\vox_indian\id10003\00011_1.wav,Aamir_Khan,10.39450740814209,1
Aamir_Khan,D:\Voice Authetication ESPNET\datasetvox\vox1_indian\content\vox_indian\id10003\00001_4.wav,Shahid_Kapoor,7.158738613128662,0
Aamir_Khan,D:\Voice Authetication ESPNET\datasetvox\vox1_indian\content\vox_indian\id10003\00017.wav,Aamir_Khan,9.10152816772461,1
Aamir_Khan,D:\Voice Authetication ESPNET\datasetvox\vox1_indian\content\vox_indian\id10003\00001_13.wav,Om_Puri,9.485732078552246,0
Aamir_Khan,D:\Voice Authetication ESPNET\datasetvox\vox1_indian\content\vox_indian\id10003\00024_1.wav,Om_Puri,9.348124504089355,0
Aamir_Khan,D:\Voice Authetication ESPNET\datasetvox\vox1_indian\content\vox_indian\id10003\00006_7.wav,Om_Puri,11.097513198852539,0
Aamir_Khan,D:\Voice Authetication ESPNET\datasetvox\vox1_indian\content\vox_indian\id10003\00043.wav,Shahid_Kapoor,8.83681583404541,0
Aamir_Khan,D:\Voice Authetication ESPNET\datasetvox\vox1_indian\content\vox_indian\id10003\00025_1.wav,Om_Puri,9.138016700744629,0
Aamir_Khan,D:\Voice Authetication ESPNET\datasetvox\vox1_indian\content\vox_indian\id10003\00003_5.wav,Aamir_Khan,8.572835922241211,1
Aamir_Khan,D:\Voice Authetication ESPNET\datasetvox\vox1_indian\content\vox_indian\id10003\00007_2.wav,Aamir_Khan,8.874442100524902,1
Aamir_Khan,D:\Voice Authetication ESPNET\datasetvox\vox1_indian\content\vox_indian\id10003\00001_10.wav,Aamir_Khan,7.960858345031738,1
Aamir_Khan,D:\Voice Authetication ESPNET\datasetvox\vox1_indian\content\vox_indian\id10003\00006_3.wav,A.R.Rahman,9.258748054504395,0
Aamir_Khan,D:\Voice Authetication ESPNET\datasetvox\vox1_indian\content\vox_indian\id10003\00007_1.wav,Shahid_Kapoor,7.9636359214782715,0
Aamir_Khan,D:\Voice Authetication ESPNET\datasetvox\vox1_indian\content\vox_indian\id10003\00001_1.wav,Om_Puri,8.522932052612305,0
Aamir_Khan,D:\Voice Authetication ESPNET\datasetvox\vox1_indian\content\vox_indian\id10003\00005_2.wav,Aamir_Khan,8.509600639343262,1
Aamir_Khan,D:\Voice Authetication ESPNET\datasetvox\vox1_indian\content\vox_indian\id10003\00021.wav,Naseerudhin_Shah,8.95545482635498,0
Aamir_Khan,D:\Voice Authetication ESPNET\datasetvox\vox1_indian\content\vox_indian\id10003\00013.wav,Akshay_Kumar,9.217743873596191,0
Aamir_Khan,D:\Voice Authetication ESPNET\datasetvox\vox1_indian\content\vox_indian\id10003\00036.wav,Shahid_Kapoor,7.178390979766846,0
Aamir_Khan,D:\Voice Authetication ESPNET\datasetvox\vox1_indian\content\vox_indian\id10003\00005.wav,Shahid_Kapoor,9.01965618133545,0
Aamir_Khan,D:\Voice Authetication ESPNET\datasetvox\vox1_indian\content\vox_indian\id10003\00006_2.wav,A.R.Rahman,9.365346908569336,0
Aamir_Khan,D:\Voice Authetication ESPNET\datasetvox\vox1_indian\content\vox_indian\id10003\00002_1.wav,Om_Puri,9.293349266052246,0
Aamir_Khan,D:\Voice Authetication ESPNET\datasetvox\vox1_indian\content\vox_indian\id10003\00003_2.wav,A.R.Rahman,10.201373100280762,0
Aamir_Khan,D:\Voice Authetication ESPNET\datasetvox\vox1_indian\content\vox_indian\id10003\00019_2.wav,Aamir_Khan,9.556164741516113,1
Aamir_Khan,D:\Voice Authetication ESPNET\datasetvox\vox1_indian\content\vox_indian\id10003\00004_6.wav,A.R.Rahman,12.51729965209961,0
Aamir_Khan,D:\Voice Authetication ESPNET\datasetvox\vox1_indian\content\vox_indian\id10003\00001_11.wav,Aamir_Khan,8.67427921295166,1
Aamir_Khan,D:\Voice Authetication ESPNET\datasetvox\vox1_indian\content\vox_indian\id10003\00014_2.wav,Aamir_Khan,7.683080196380615,1
Aamir_Khan,D:\Voice Authetication ESPNET\datasetvox\vox1_indian\content\vox_indian\id10003\00035.wav,Aamir_Khan,8.494876861572266,1
Aamir_Khan,D:\Voice Authetication ESPNET\datasetvox\vox1_indian\content\vox_indian\id10003\00014_3.wav,Om_Puri,9.262649536132812,0
Aamir_Khan,D:\Voice Authetication ESPNET\datasetvox\vox1_indian\content\vox_indian\id10003\00015_1.wav,Aamir_Khan,7.964632511138916,1
Aamir_Khan,D:\Voice Authetication ESPNET\datasetvox\vox1_indian\content\vox_indian\id10003\00002_11.wav,Aamir_Khan,8.373865127563477,1
Aamir_Khan,D:\Voice Authetication ESPNET\datasetvox\vox1_indian\content\vox_indian\id10003\00027.wav,Shahid_Kapoor,9.263836860656738,0
Aamir_Khan,D:\Voice Authetication ESPNET\datasetvox\vox1_indian\content\vox_indian\id10003\00009_1.wav,Suraj_Sharma,8.202674865722656,0
Aamir_Khan,D:\Voice Authetication ESPNET\datasetvox\vox1_indian\content\vox_indian\id10003\00007_3.wav,John_Abraham,9.392523765563965,0
Aamir_Khan,D:\Voice Authetication ESPNET\datasetvox\vox1_indian\content\vox_indian\id10003\00017_3.wav,Akshay_Kumar,12.130682945251465,0
Aamir_Khan,D:\Voice Authetication ESPNET\datasetvox\vox1_indian\content\vox_indian\id10003\00010.wav,Aamir_Khan,8.626442909240723,1
Aamir_Khan,D:\Voice Authetication ESPNET\datasetvox\vox1_indian\content\vox_indian\id10003\00031_1.wav,Om_Puri,9.669052124023438,0
Aamir_Khan,D:\Voice Authetication ESPNET\datasetvox\vox1_indian\content\vox_indian\id10003\00032_1.wav,Om_Puri,10.07309627532959,0
Aamir_Khan,D:\Voice Authetication ESPNET\datasetvox\vox1_indian\content\vox_indian\id10003\00026_1.wav,Om_Puri,10.180088996887207,0
Aamir_Khan,D:\Voice Authetication ESPNET\datasetvox\vox1_indian\content\vox_indian\id10003\00024.wav,Aamir_Khan,8.023907661437988,1
Aamir_Khan,D:\Voice Authetication ESPNET\datasetvox\vox1_indian\content\vox_indian\id10003\00037.wav,Aamir_Khan,6.798372745513916,1
Aamir_Khan,D:\Voice Authetication ESPNET\datasetvox\vox1_indian\content\vox_indian\id10003\00014.wav,Aamir_Khan,7.114525318145752,1
Aamir_Khan,D:\Voice Authetication ESPNET\datasetvox\vox1_indian\content\vox_indian\id10003\00012_1.wav,A.R.Rahman,9.11003589630127,0
Aamir_Khan,D:\Voice Authetication ESPNET\datasetvox\vox1_indian\content\vox_indian\id10003\00023_1.wav,Aamir_Khan,9.55076789855957,1
Aamir_Khan,D:\Voice Authetication ESPNET\datasetvox\vox1_indian\content\vox_indian\id10003\00018_1.wav,Shahid_Kapoor,6.4980998039245605,0
Aamir_Khan,D:\Voice Authetication ESPNET\datasetvox\vox1_indian\content\vox_indian\id10003\00009_3.wav,Shahid_Kapoor,7.267843246459961,0
Akshay_Kumar,D:\Voice Authetication ESPNET\datasetvox\vox1_indian\content\vox_indian\id10018\00023_2.wav,Akshay_Kumar,11.200165748596191,1
Akshay_Kumar,D:\Voice Authetication ESPNET\datasetvox\vox1_indian\content\vox_indian\id10018\00032_1.wav,Om_Puri,9.096328735351562,0
Akshay_Kumar,D:\Voice Authetication ESPNET\datasetvox\vox1_indian\content\vox_indian\id10018\00004.wav,Randeep_Hooda,8.874136924743652,0
Akshay_Kumar,D:\Voice Authetication ESPNET\datasetvox\vox1_indian\content\vox_indian\id10018\00022_2.wav,Om_Puri,12.271383285522461,0
Akshay_Kumar,D:\Voice Authetication ESPNET\datasetvox\vox1_indian\content\vox_indian\id10018\00015_5.wav,Shahid_Kapoor,8.477289199829102,0
Akshay_Kumar,D:\Voice Authetication ESPNET\datasetvox\vox1_indian\content\vox_indian\id10018\00003_13.wav,Akshay_Kumar,10.433441162109375,1
Akshay_Kumar,D:\Voice Authetication ESPNET\datasetvox\vox1_indian\content\vox_indian\id10018\00003_5.wav,Om_Puri,8.930853843688965,0
Akshay_Kumar,D:\Voice Authetication ESPNET\datasetvox\vox1_indian\content\vox_indian\id10018\00018.wav,Shahid_Kapoor,6.347109317779541,0
Akshay_Kumar,D:\Voice Authetication ESPNET\datasetvox\vox1_indian\content\vox_indian\id10018\00003_6.wav,Om_Puri,8.224318504333496,0
Akshay_Kumar,D:\Voice Authetication ESPNET\datasetvox\vox1_indian\content\vox_indian\id10018\00011_6.wav,John_Abraham,8.682165145874023,0
Akshay_Kumar,D:\Voice Authetication ESPNET\datasetvox\vox1_indian\content\vox_indian\id10018\00006.wav,Shahid_Kapoor,9.05508804321289,0
Akshay_Kumar,D:\Voice Authetication ESPNET\datasetvox\vox1_indian\content\vox_indian\id10018\00024_2.wav,Om_Puri,7.941054821014404,0
Akshay_Kumar,D:\Voice Authetication ESPNET\datasetvox\vox1_indian\content\vox_indian\id10018\00002_6.wav,Akshay_Kumar,10.610246658325195,1
Akshay_Kumar,D:\Voice Authetication ESPNET\datasetvox\vox1_indian\content\vox_indian\id10018\00012_3.wav,Akshay_Kumar,8.65005111694336,1
Akshay_Kumar,D:\Voice Authetication ESPNET\datasetvox\vox1_indian\content\vox_indian\id10018\00010_5.wav,Kanagana_Ranaut,9.516731262207031,0
Akshay_Kumar,D:\Voice Authetication ESPNET\datasetvox\vox1_indian\content\vox_indian\id10018\00029.wav,Randeep_Hooda,8.417215347290039,0
Akshay_Kumar,D:\Voice Authetication ESPNET\datasetvox\vox1_indian\content\vox_indian\id10018\00002.wav,Ranbir_Kapoor,8.577224731445312,0
Akshay_Kumar,D:\Voice Authetication ESPNET\datasetvox\vox1_indian\content\vox_indian\id10018\00002_11.wav,Om_Puri,9.81312084197998,0
Akshay_Kumar,D:\Voice Authetication ESPNET\datasetvox\vox1_indian\content\vox_indian\id10018\00031_1.wav,Om_Puri,9.204792976379395,0
Akshay_Kumar,D:\Voice Authetication ESPNET\datasetvox\vox1_indian\content\vox_indian\id10018\00016_4.wav,Om_Puri,9.153816223144531,0
Akshay_Kumar,D:\Voice Authetication ESPNET\datasetvox\vox1_indian\content\vox_indian\id10018\00011_1.wav,Shahid_Kapoor,9.054337501525879,0
Akshay_Kumar,D:\Voice Authetication ESPNET\datasetvox\vox1_indian\content\vox_indian\id10018\00004_9.wav,Om_Puri,11.216014862060547,0
Akshay_Kumar,D:\Voice Authetication ESPNET\datasetvox\vox1_indian\content\vox_indian\id10018\00001_23.wav,John_Abraham,10.515115737915039,0
Akshay_Kumar,D:\Voice Authetication ESPNET\datasetvox\vox1_indian\content\vox_indian\id10018\00025_1.wav,Shahid_Kapoor,9.676501274108887,0
Akshay_Kumar,D:\Voice Authetication ESPNET\datasetvox\vox1_indian\content\vox_indian\id10018\00010_2.wav,John_Abraham,8.25795841217041,0
Akshay_Kumar,D:\Voice Authetication ESPNET\datasetvox\vox1_indian\content\vox_indian\id10018\00001_21.wav,Shahid_Kapoor,8.232314109802246,0
Akshay_Kumar,D:\Voice Authetication ESPNET\datasetvox\vox1_indian\content\vox_indian\id10018\00002_14.wav,Om_Puri,11.809391975402832,0
Akshay_Kumar,D:\Voice Authetication ESPNET\datasetvox\vox1_indian\content\vox_indian\id10018\00012_2.wav,Shahid_Kapoor,6.878580093383789,0
Akshay_Kumar,D:\Voice Authetication ESPNET\datasetvox\vox1_indian\content\vox_indian\id10018\00001_22.wav,Akshay_Kumar,9.712591171264648,1
Akshay_Kumar,D:\Voice Authetication ESPNET\datasetvox\vox1_indian\content\vox_indian\id10018\00014.wav,Shahid_Kapoor,8.707303047180176,0
Akshay_Kumar,D:\Voice Authetication ESPNET\datasetvox\vox1_indian\content\vox_indian\id10018\00001_3.wav,Shahid_Kapoor,6.626932144165039,0
Akshay_Kumar,D:\Voice Authetication ESPNET\datasetvox\vox1_indian\content\vox_indian\id10018\00004_10.wav,Randeep_Hooda,7.486065864562988,0
Akshay_Kumar,D:\Voice Authetication ESPNET\datasetvox\vox1_indian\content\vox_indian\id10018\00001_12.wav,Akshay_Kumar,9.936395645141602,1
Akshay_Kumar,D:\Voice Authetication ESPNET\datasetvox\vox1_indian\content\vox_indian\id10018\00059.wav,Om_Puri,9.749746322631836,0
Akshay_Kumar,D:\Voice Authetication ESPNET\datasetvox\vox1_indian\content\vox_indian\id10018\00005_4.wav,Shahid_Kapoor,9.797111511230469,0
Akshay_Kumar,D:\Voice Authetication ESPNET\datasetvox\vox1_indian\content\vox_indian\id10018\00001_14.wav,Om_Puri,9.241775512695312,0
Akshay_Kumar,D:\Voice Authetication ESPNET\datasetvox\vox1_indian\content\vox_indian\id10018\00033.wav,Akshay_Kumar,10.079782485961914,1
Akshay_Kumar,D:\Voice Authetication ESPNET\datasetvox\vox1_indian\content\vox_indian\id10018\00019_1.wav,Shahid_Kapoor,8.794142723083496,0
Akshay_Kumar,D:\Voice Authetication ESPNET\datasetvox\vox1_indian\content\vox_indian\id10018\00009_6.wav,Om_Puri,9.671365737915039,0
Akshay_Kumar,D:\Voice Authetication ESPNET\datasetvox\vox1_indian\content\vox_indian\id10018\00020_3.wav,Om_Puri,9.323821067810059,0
Akshay_Kumar,D:\Voice Authetication ESPNET\datasetvox\vox1_indian\content\vox_indian\id10018\00043.wav,Shahid_Kapoor,7.9699811935424805,0
Akshay_Kumar,D:\Voice Authetication ESPNET\datasetvox\vox1_indian\content\vox_indian\id10018\00001_5.wav,Akshay_Kumar,8.141904830932617,1
Akshay_Kumar,D:\Voice Authetication ESPNET\datasetvox\vox1_indian\content\vox_indian\id10018\00012_6.wav,Akshay_Kumar,10.104978561401367,1
Akshay_Kumar,D:\Voice Authetication ESPNET\datasetvox\vox1_indian\content\vox_indian\id10018\00003_15.wav,Randeep_Hooda,9.363165855407715,0
Akshay_Kumar,D:\Voice Authetication ESPNET\datasetvox\vox1_indian\content\vox_indian\id10018\00047.wav,Aamir_Khan,7.547619819641113,0
Amitabh_Bachchan,D:\Voice Authetication ESPNET\datasetvox\vox1_indian\content\vox_indian\id10045\00032_2.wav,Shahid_Kapoor,7.159880638122559,0
Amitabh_Bachchan,D:\Voice Authetication ESPNET\datasetvox\vox1_indian\content\vox_indian\id10045\00038_2.wav,Shahid_Kapoor,8.063068389892578,0
Amitabh_Bachchan,D:\Voice Authetication ESPNET\datasetvox\vox1_indian\content\vox_indian\id10045\00004_1.wav,Amitabh Bachchan,10.825224876403809,0
Amitabh_Bachchan,D:\Voice Authetication ESPNET\datasetvox\vox1_indian\content\vox_indian\id10045\00004_7.wav,Naseerudhin_Shah,8.79515266418457,0
Amitabh_Bachchan,D:\Voice Authetication ESPNET\datasetvox\vox1_indian\content\vox_indian\id10045\00002_11.wav,Om_Puri,8.694364547729492,0
Amitabh_Bachchan,D:\Voice Authetication ESPNET\datasetvox\vox1_indian\content\vox_indian\id10045\00008_3.wav,Suraj_Sharma,8.889577865600586,0
Amitabh_Bachchan,D:\Voice Authetication ESPNET\datasetvox\vox1_indian\content\vox_indian\id10045\00005_9.wav,Om_Puri,10.234975814819336,0
Amitabh_Bachchan,D:\Voice Authetication ESPNET\datasetvox\vox1_indian\content\vox_indian\id10045\00054.wav,Suraj_Sharma,9.849863052368164,0
Amitabh_Bachchan,D:\Voice Authetication ESPNET\datasetvox\vox1_indian\content\vox_indian\id10045\00064.wav,Amitabh Bachchan,10.837372779846191,0
Amitabh_Bachchan,D:\Voice Authetication ESPNET\datasetvox\vox1_indian\content\vox_indian\id10045\00005_5.wav,Amitabh Bachchan,8.962468147277832,0
Amitabh_Bachchan,D:\Voice Authetication ESPNET\datasetvox\vox1_indian\content\vox_indian\id10045\00018_4.wav,Amitabh Bachchan,8.851709365844727,0
Amitabh_Bachchan,D:\Voice Authetication ESPNET\datasetvox\vox1_indian\content\vox_indian\id10045\00004_11.wav,Amitabh Bachchan,8.035693168640137,0
Amitabh_Bachchan,D:\Voice Authetication ESPNET\datasetvox\vox1_indian\content\vox_indian\id10045\00002_6.wav,Amitabh Bachchan,9.775874137878418,0
Amitabh_Bachchan,D:\Voice Authetication ESPNET\datasetvox\vox1_indian\content\vox_indian\id10045\00017_4.wav,Amitabh Bachchan,9.96645736694336,0
Amitabh_Bachchan,D:\Voice Authetication ESPNET\datasetvox\vox1_indian\content\vox_indian\id10045\00006.wav,Shahid_Kapoor,8.583596229553223,0
Amitabh_Bachchan,D:\Voice Authetication ESPNET\datasetvox\vox1_indian\content\vox_indian\id10045\00062.wav,Amitabh Bachchan,7.435628890991211,0
Amitabh_Bachchan,D:\Voice Authetication ESPNET\datasetvox\vox1_indian\content\vox_indian\id10045\00013_3.wav,John_Abraham,10.465933799743652,0
Amitabh_Bachchan,D:\Voice Authetication ESPNET\datasetvox\vox1_indian\content\vox_indian\id10045\00032.wav,Suraj_Sharma,8.673208236694336,0
Amitabh_Bachchan,D:\Voice Authetication ESPNET\datasetvox\vox1_indian\content\vox_indian\id10045\00007_9.wav,Amitabh Bachchan,8.657401084899902,0
Amitabh_Bachchan,D:\Voice Authetication ESPNET\datasetvox\vox1_indian\content\vox_indian\id10045\00042_2.wav,Amitabh Bachchan,8.26966667175293,0
Amitabh_Bachchan,D:\Voice Authetication ESPNET\datasetvox\vox1_indian\content\vox_indian\id10045\00002_10.wav,Amitabh Bachchan,10.40544319152832,0
Amitabh_Bachchan,D:\Voice Authetication ESPNET\datasetvox\vox1_indian\content\vox_indian\id10045\00046_2.wav,Shahid_Kapoor,8.047844886779785,0
Amitabh_Bachchan,D:\Voice Authetication ESPNET\datasetvox\vox1_indian\content\vox_indian\id10045\00051.wav,Amitabh Bachchan,8.79104232788086,0
Amitabh_Bachchan,D:\Voice Authetication ESPNET\datasetvox\vox1_indian\content\vox_indian\id10045\00040_1.wav,Amitabh Bachchan,8.93305492401123,0
Amitabh_Bachchan,D:\Voice Authetication ESPNET\datasetvox\vox1_indian\content\vox_indian\id10045\00007_4.wav,Amitabh Bachchan,8.917387008666992,0
Amitabh_Bachchan,D:\Voice Authetication ESPNET\datasetvox\vox1_indian\content\vox_indian\id10045\00008_5.wav,Amitabh Bachchan,10.719395637512207,0
Amitabh_Bachchan,D:\Voice Authetication ESPNET\datasetvox\vox1_indian\content\vox_indian\id10045\00049_1.wav,Suraj_Sharma,9.778223037719727,0
Amitabh_Bachchan,D:\Voice Authetication ESPNET\datasetvox\vox1_indian\content\vox_indian\id10045\00037_1.wav,Amitabh Bachchan,9.088470458984375,0
Amitabh_Bachchan,D:\Voice Authetication ESPNET\datasetvox\vox1_indian\content\vox_indian\id10045\00045_1.wav,Pooja_Kumar,9.774184226989746,0
Amitabh_Bachchan,D:\Voice Authetication ESPNET\datasetvox\vox1_indian\content\vox_indian\id10045\00010_6.wav,Amitabh Bachchan,9.362391471862793,0
Amitabh_Bachchan,D:\Voice Authetication ESPNET\datasetvox\vox1_indian\content\vox_indian\id10045\00006_6.wav,John_Abraham,9.58475399017334,0
Amitabh_Bachchan,D:\Voice Authetication ESPNET\datasetvox\vox1_indian\content\vox_indian\id10045\00018_3.wav,Amitabh Bachchan,9.657886505126953,0
Amitabh_Bachchan,D:\Voice Authetication ESPNET\datasetvox\vox1_indian\content\vox_indian\id10045\00021_1.wav,Amitabh Bachchan,11.693314552307129,0
Amitabh_Bachchan,D:\Voice Authetication ESPNET\datasetvox\vox1_indian\content\vox_indian\id10045\00004_4.wav,Amitabh Bachchan,10.93212604522705,0
Amitabh_Bachchan,D:\Voice Authetication ESPNET\datasetvox\vox1_indian\content\vox_indian\id10045\00014_5.wav,Om_Puri,8.55872631072998,0
Amitabh_Bachchan,D:\Voice Authetication ESPNET\datasetvox\vox1_indian\content\vox_indian\id10045\00003.wav,Amitabh Bachchan,9.687994956970215,0
Amitabh_Bachchan,D:\Voice Authetication ESPNET\datasetvox\vox1_indian\content\vox_indian\id10045\00012_6.wav,Shahid_Kapoor,8.112360000610352,0
Amitabh_Bachchan,D:\Voice Authetication ESPNET\datasetvox\vox1_indian\content\vox_indian\id10045\00027_3.wav,Suraj_Sharma,9.939284324645996,0
Amitabh_Bachchan,D:\Voice Authetication ESPNET\datasetvox\vox1_indian\content\vox_indian\id10045\00002_4.wav,Om_Puri,8.846405982971191,0
Amitabh_Bachchan,D:\Voice Authetication ESPNET\datasetvox\vox1_indian\content\vox_indian\id10045\00002_5.wav,Amitabh Bachchan,8.662407875061035,0
Amitabh_Bachchan,D:\Voice Authetication ESPNET\datasetvox\vox1_indian\content\vox_indian\id10045\00039_1.wav,Shahid_Kapoor,8.244915008544922,0
Amitabh_Bachchan,D:\Voice Authetication ESPNET\datasetvox\vox1_indian\content\vox_indian\id10045\00027_1.wav,Amitabh Bachchan,10.072422981262207,0
Amitabh_Bachchan,D:\Voice Authetication ESPNET\datasetvox\vox1_indian\content\vox_indian\id10045\00001_6.wav,Amitabh Bachchan,9.257214546203613,0
Amitabh_Bachchan,D:\Voice Authetication ESPNET\datasetvox\vox1_indian\content\vox_indian\id10045\00001_2.wav,Amitabh Bachchan,10.239486694335938,0
Amitabh_Bachchan,D:\Voice Authetication ESPNET\datasetvox\vox1_indian\content\vox_indian\id10045\00002_7.wav,Shahid_Kapoor,9.903291702270508,0
Freida_Pinto,D:\Voice Authetication ESPNET\datasetvox\vox1_indian\content\vox_indian\id10324\00002_17.wav,Freida_Pinto,8.81470775604248,1
Freida_Pinto,D:\Voice Authetication ESPNET\datasetvox\vox1_indian\content\vox_indian\id10324\00015.wav,Freida_Pinto,7.688289642333984,1
Freida_Pinto,D:\Voice Authetication ESPNET\datasetvox\vox1_indian\content\vox_indian\id10324\00005_6.wav,Pooja_Kumar,11.10482406616211,0
Freida_Pinto,D:\Voice Authetication ESPNET\datasetvox\vox1_indian\content\vox_indian\id10324\00004_10.wav,Freida_Pinto,8.434067726135254,1
Freida_Pinto,D:\Voice Authetication ESPNET\datasetvox\vox1_indian\content\vox_indian\id10324\00001_24.wav,Freida_Pinto,10.655558586120605,1
Freida_Pinto,D:\Voice Authetication ESPNET\datasetvox\vox1_indian\content\vox_indian\id10324\00008.wav,Pooja_Kumar,7.601883888244629,0
Freida_Pinto,D:\Voice Authetication ESPNET\datasetvox\vox1_indian\content\vox_indian\id10324\00001_17.wav,Freida_Pinto,10.11264705657959,1
Freida_Pinto,D:\Voice Authetication ESPNET\datasetvox\vox1_indian\content\vox_indian\id10324\00005_4.wav,Freida_Pinto,7.963180065155029,1
Freida_Pinto,D:\Voice Authetication ESPNET\datasetvox\vox1_indian\content\vox_indian\id10324\00010_1.wav,Suraj_Sharma,10.94127368927002,0
Freida_Pinto,D:\Voice Authetication ESPNET\datasetvox\vox1_indian\content\vox_indian\id10324\00002_16.wav,Pooja_Kumar,9.504834175109863,0
Freida_Pinto,D:\Voice Authetication ESPNET\datasetvox\vox1_indian\content\vox_indian\id10324\00003_7.wav,Freida_Pinto,8.41508674621582,1
Freida_Pinto,D:\Voice Authetication ESPNET\datasetvox\vox1_indian\content\vox_indian\id10324\00001_6.wav,Freida_Pinto,6.374826431274414,1
Freida_Pinto,D:\Voice Authetication ESPNET\datasetvox\vox1_indian\content\vox_indian\id10324\00006_4.wav,Freida_Pinto,8.878180503845215,1
Freida_Pinto,D:\Voice Authetication ESPNET\datasetvox\vox1_indian\content\vox_indian\id10324\00001_9.wav,Freida_Pinto,6.487618446350098,1
Freida_Pinto,D:\Voice Authetication ESPNET\datasetvox\vox1_indian\content\vox_indian\id10324\00001_18.wav,Freida_Pinto,7.151889324188232,1
Freida_Pinto,D:\Voice Authetication ESPNET\datasetvox\vox1_indian\content\vox_indian\id10324\00001_10.wav,Freida_Pinto,8.812058448791504,1
Freida_Pinto,D:\Voice Authetication ESPNET\datasetvox\vox1_indian\content\vox_indian\id10324\00001_4.wav,Freida_Pinto,11.437801361083984,1
Freida_Pinto,D:\Voice Authetication ESPNET\datasetvox\vox1_indian\content\vox_indian\id10324\00002_5.wav,Freida_Pinto,7.1307549476623535,1
Freida_Pinto,D:\Voice Authetication ESPNET\datasetvox\vox1_indian\content\vox_indian\id10324\00002_3.wav,Freida_Pinto,10.82164192199707,1
Freida_Pinto,D:\Voice Authetication ESPNET\datasetvox\vox1_indian\content\vox_indian\id10324\00003_4.wav,Freida_Pinto,6.638084411621094,1
Freida_Pinto,D:\Voice Authetication ESPNET\datasetvox\vox1_indian\content\vox_indian\id10324\00001_21.wav,Freida_Pinto,5.07054328918457,1
Freida_Pinto,D:\Voice Authetication ESPNET\datasetvox\vox1_indian\content\vox_indian\id10324\00003_17.wav,Pooja_Kumar,8.00758171081543,0
Freida_Pinto,D:\Voice Authetication ESPNET\datasetvox\vox1_indian\content\vox_indian\id10324\00003_11.wav,Freida_Pinto,8.307866096496582,1
Freida_Pinto,D:\Voice Authetication ESPNET\datasetvox\vox1_indian\content\vox_indian\id10324\00003_8.wav,Freida_Pinto,10.282915115356445,1
Freida_Pinto,D:\Voice Authetication ESPNET\datasetvox\vox1_indian\content\vox_indian\id10324\00004_3.wav,Freida_Pinto,7.823489189147949,1
Freida_Pinto,D:\Voice Authetication ESPNET\datasetvox\vox1_indian\content\vox_indian\id10324\00001_8.wav,Freida_Pinto,9.69028091430664,1
Freida_Pinto,D:\Voice Authetication ESPNET\datasetvox\vox1_indian\content\vox_indian\id10324\00008_2.wav,Freida_Pinto,7.455724239349365,1
Freida_Pinto,D:\Voice Authetication ESPNET\datasetvox\vox1_indian\content\vox_indian\id10324\00002_13.wav,Freida_Pinto,10.781949043273926,1
Freida_Pinto,D:\Voice Authetication ESPNET\datasetvox\vox1_indian\content\vox_indian\id10324\00004_2.wav,Kanagana_Ranaut,9.71326732635498,0
Freida_Pinto,D:\Voice Authetication ESPNET\datasetvox\vox1_indian\content\vox_indian\id10324\00012.wav,Pooja_Kumar,10.600754737854004,0
Freida_Pinto,D:\Voice Authetication ESPNET\datasetvox\vox1_indian\content\vox_indian\id10324\00011.wav,Freida_Pinto,6.775187015533447,1
Freida_Pinto,D:\Voice Authetication ESPNET\datasetvox\vox1_indian\content\vox_indian\id10324\00001_26.wav,Freida_Pinto,9.437196731567383,1
Freida_Pinto,D:\Voice Authetication ESPNET\datasetvox\vox1_indian\content\vox_indian\id10324\00001_12.wav,Freida_Pinto,8.295245170593262,1
Freida_Pinto,D:\Voice Authetication ESPNET\datasetvox\vox1_indian\content\vox_indian\id10324\00003_2.wav,Freida_Pinto,7.336831092834473,1
Freida_Pinto,D:\Voice Authetication ESPNET\datasetvox\vox1_indian\content\vox_indian\id10324\00004_13.wav,Suraj_Sharma,12.620698928833008,0
Freida_Pinto,D:\Voice Authetication ESPNET\datasetvox\vox1_indian\content\vox_indian\id10324\00005_2.wav,Freida_Pinto,7.606652736663818,1
Freida_Pinto,D:\Voice Authetication ESPNET\datasetvox\vox1_indian\content\vox_indian\id10324\00013_1.wav,Freida_Pinto,10.475255012512207,1
Freida_Pinto,D:\Voice Authetication ESPNET\datasetvox\vox1_indian\content\vox_indian\id10324\00006_1.wav,Freida_Pinto,7.576941013336182,1
Freida_Pinto,D:\Voice Authetication ESPNET\datasetvox\vox1_indian\content\vox_indian\id10324\00003_9.wav,Freida_Pinto,7.067614555358887,1
Freida_Pinto,D:\Voice Authetication ESPNET\datasetvox\vox1_indian\content\vox_indian\id10324\00004_8.wav,Freida_Pinto,5.988119125366211,1
Freida_Pinto,D:\Voice Authetication ESPNET\datasetvox\vox1_indian\content\vox_indian\id10324\00004_9.wav,Freida_Pinto,9.511579513549805,1
Freida_Pinto,D:\Voice Authetication ESPNET\datasetvox\vox1_indian\content\vox_indian\id10324\00008_1.wav,Freida_Pinto,7.392990589141846,1
Freida_Pinto,D:\Voice Authetication ESPNET\datasetvox\vox1_indian\content\vox_indian\id10324\00007_1.wav,Freida_Pinto,8.212262153625488,1
Freida_Pinto,D:\Voice Authetication ESPNET\datasetvox\vox1_indian\content\vox_indian\id10324\00012_1.wav,Freida_Pinto,8.291467666625977,1
Freida_Pinto,D:\Voice Authetication ESPNET\datasetvox\vox1_indian\content\vox_indian\id10324\00007_3.wav,Freida_Pinto,7.861911773681641,1
Irfan_Khan,D:\Voice Authetication ESPNET\datasetvox\vox1_indian\content\vox_indian\id10393\00018_5.wav,Irfan_Khan,7.6895012855529785,1
Irfan_Khan,D:\Voice Authetication ESPNET\datasetvox\vox1_indian\content\vox_indian\id10393\00019_5.wav,Amitabh Bachchan,9.531729698181152,0
Irfan_Khan,D:\Voice Authetication ESPNET\datasetvox\vox1_indian\content\vox_indian\id10393\00002_18.wav,Ranbir_Kapoor,10.464218139648438,0
Irfan_Khan,D:\Voice Authetication ESPNET\datasetvox\vox1_indian\content\vox_indian\id10393\00007.wav,Aamir_Khan,9.61349105834961,0
Irfan_Khan,D:\Voice Authetication ESPNET\datasetvox\vox1_indian\content\vox_indian\id10393\00032_2.wav,Irfan_Khan,8.66458511352539,1
Irfan_Khan,D:\Voice Authetication ESPNET\datasetvox\vox1_indian\content\vox_indian\id10393\00009_8.wav,Om_Puri,8.963895797729492,0
Irfan_Khan,D:\Voice Authetication ESPNET\datasetvox\vox1_indian\content\vox_indian\id10393\00017_6.wav,Shahid_Kapoor,8.636651992797852,0
Irfan_Khan,D:\Voice Authetication ESPNET\datasetvox\vox1_indian\content\vox_indian\id10393\00011_2.wav,Shahid_Kapoor,7.9170823097229,0
Irfan_Khan,D:\Voice Authetication ESPNET\datasetvox\vox1_indian\content\vox_indian\id10393\00010_2.wav,Shahid_Kapoor,6.417884826660156,0
Irfan_Khan,D:\Voice Authetication ESPNET\datasetvox\vox1_indian\content\vox_indian\id10393\00001_1.wav,Irfan_Khan,8.423654556274414,1
Irfan_Khan,D:\Voice Authetication ESPNET\datasetvox\vox1_indian\content\vox_indian\id10393\00004_13.wav,Shahid_Kapoor,8.538312911987305,0
Irfan_Khan,D:\Voice Authetication ESPNET\datasetvox\vox1_indian\content\vox_indian\id10393\00022_2.wav,Shahid_Kapoor,9.898452758789062,0
Irfan_Khan,D:\Voice Authetication ESPNET\datasetvox\vox1_indian\content\vox_indian\id10393\00001_6.wav,Shahid_Kapoor,8.351714134216309,0
Irfan_Khan,D:\Voice Authetication ESPNET\datasetvox\vox1_indian\content\vox_indian\id10393\00004_17.wav,Naseerudhin_Shah,8.022375106811523,0
Irfan_Khan,D:\Voice Authetication ESPNET\datasetvox\vox1_indian\content\vox_indian\id10393\00002_19.wav,Naseerudhin_Shah,8.832115173339844,0
Irfan_Khan,D:\Voice Authetication ESPNET\datasetvox\vox1_indian\content\vox_indian\id10393\00036_2.wav,Shahid_Kapoor,7.775472640991211,0
Irfan_Khan,D:\Voice Authetication ESPNET\datasetvox\vox1_indian\content\vox_indian\id10393\00008.wav,Shahid_Kapoor,10.624590873718262,0
Irfan_Khan,D:\Voice Authetication ESPNET\datasetvox\vox1_indian\content\vox_indian\id10393\00003.wav,Shahid_Kapoor,7.8386311531066895,0
Irfan_Khan,D:\Voice Authetication ESPNET\datasetvox\vox1_indian\content\vox_indian\id10393\00007_1.wav,Ranbir_Kapoor,7.37473726272583,0
Irfan_Khan,D:\Voice Authetication ESPNET\datasetvox\vox1_indian\content\vox_indian\id10393\00041_1.wav,Randeep_Hooda,8.600552558898926,0
Irfan_Khan,D:\Voice Authetication ESPNET\datasetvox\vox1_indian\content\vox_indian\id10393\00017_7.wav,Shahid_Kapoor,8.352272987365723,0
Irfan_Khan,D:\Voice Authetication ESPNET\datasetvox\vox1_indian\content\vox_indian\id10393\00004_12.wav,Om_Puri,9.787788391113281,0
Irfan_Khan,D:\Voice Authetication ESPNET\datasetvox\vox1_indian\content\vox_indian\id10393\00008_8.wav,Shahid_Kapoor,6.453525543212891,0
Irfan_Khan,D:\Voice Authetication ESPNET\datasetvox\vox1_indian\content\vox_indian\id10393\00005_4.wav,Suraj_Sharma,10.38252067565918,0
Irfan_Khan,D:\Voice Authetication ESPNET\datasetvox\vox1_indian\content\vox_indian\id10393\00014_4.wav,Om_Puri,9.705556869506836,0
Irfan_Khan,D:\Voice Authetication ESPNET\datasetvox\vox1_indian\content\vox_indian\id10393\00005_8.wav,Aamir_Khan,7.2599687576293945,0
Irfan_Khan,D:\Voice Authetication ESPNET\datasetvox\vox1_indian\content\vox_indian\id10393\00010_7.wav,Aamir_Khan,8.595588684082031,0
Irfan_Khan,D:\Voice Authetication ESPNET\datasetvox\vox1_indian\content\vox_indian\id10393\00002_10.wav,Shahid_Kapoor,7.419585227966309,0
Irfan_Khan,D:\Voice Authetication ESPNET\datasetvox\vox1_indian\content\vox_indian\id10393\00023.wav,Shahid_Kapoor,7.447336196899414,0
Irfan_Khan,D:\Voice Authetication ESPNET\datasetvox\vox1_indian\content\vox_indian\id10393\00044_1.wav,Om_Puri,9.32455825805664,0
Irfan_Khan,D:\Voice Authetication ESPNET\datasetvox\vox1_indian\content\vox_indian\id10393\00026_2.wav,Aamir_Khan,8.71329402923584,0
Irfan_Khan,D:\Voice Authetication ESPNET\datasetvox\vox1_indian\content\vox_indian\id10393\00005_14.wav,Aamir_Khan,7.3812689781188965,0
Irfan_Khan,D:\Voice Authetication ESPNET\datasetvox\vox1_indian\content\vox_indian\id10393\00040.wav,Shahid_Kapoor,8.27380657196045,0
Irfan_Khan,D:\Voice Authetication ESPNET\datasetvox\vox1_indian\content\vox_indian\id10393\00009_4.wav,Irfan_Khan,8.291118621826172,1
Irfan_Khan,D:\Voice Authetication ESPNET\datasetvox\vox1_indian\content\vox_indian\id10393\00001_20.wav,Irfan_Khan,8.696049690246582,1
Irfan_Khan,D:\Voice Authetication ESPNET\datasetvox\vox1_indian\content\vox_indian\id10393\00023_1.wav,Om_Puri,8.19821834564209,0
Irfan_Khan,D:\Voice Authetication ESPNET\datasetvox\vox1_indian\content\vox_indian\id10393\00008_2.wav,Om_Puri,11.98245620727539,0
Irfan_Khan,D:\Voice Authetication ESPNET\datasetvox\vox1_indian\content\vox_indian\id10393\00017.wav,Shahid_Kapoor,9.480206489562988,0
Irfan_Khan,D:\Voice Authetication ESPNET\datasetvox\vox1_indian\content\vox_indian\id10393\00044.wav,A.R.Rahman,8.844472885131836,0
Irfan_Khan,D:\Voice Authetication ESPNET\datasetvox\vox1_indian\content\vox_indian\id10393\00001_18.wav,Irfan_Khan,8.841163635253906,1
Irfan_Khan,D:\Voice Authetication ESPNET\datasetvox\vox1_indian\content\vox_indian\id10393\00003_16.wav,Irfan_Khan,10.301403045654297,1
Irfan_Khan,D:\Voice Authetication ESPNET\datasetvox\vox1_indian\content\vox_indian\id10393\00032_1.wav,Om_Puri,7.620063304901123,0
Irfan_Khan,D:\Voice Authetication ESPNET\datasetvox\vox1_indian\content\vox_indian\id10393\00027_1.wav,Om_Puri,9.638629913330078,0
Irfan_Khan,D:\Voice Authetication ESPNET\datasetvox\vox1_indian\content\vox_indian\id10393\00006.wav,Aamir_Khan,7.959385871887207,0
Irfan_Khan,D:\Voice Authetication ESPNET\datasetvox\vox1_indian\content\vox_indian\id10393\00027_2.wav,Shahid_Kapoor,7.7276787757873535,0
John_Abraham,D:\Voice Authetication ESPNET\datasetvox\vox1_indian\content\vox_indian\id10519\00002_8.wav,John_Abraham,8.182576179504395,1
John_Abraham,D:\Voice Authetication ESPNET\datasetvox\vox1_indian\content\vox_indian\id10519\00003_3.wav,Aamir_Khan,7.80220890045166,0
John_Abraham,D:\Voice Authetication ESPNET\datasetvox\vox1_indian\content\vox_indian\id10519\00018_1.wav,Aamir_Khan,7.144836902618408,0
John_Abraham,D:\Voice Authetication ESPNET\datasetvox\vox1_indian\content\vox_indian\id10519\00014.wav,Shahid_Kapoor,6.089842319488525,0
John_Abraham,D:\Voice Authetication ESPNET\datasetvox\vox1_indian\content\vox_indian\id10519\00007_2.wav,Randeep_Hooda,8.181710243225098,0
John_Abraham,D:\Voice Authetication ESPNET\datasetvox\vox1_indian\content\vox_indian\id10519\00001_2.wav,Shahid_Kapoor,7.653835773468018,0
John_Abraham,D:\Voice Authetication ESPNET\datasetvox\vox1_indian\content\vox_indian\id10519\00005_2.wav,John_Abraham,7.136668682098389,1
John_Abraham,D:\Voice Authetication ESPNET\datasetvox\vox1_indian\content\vox_indian\id10519\00007_3.wav,Shahid_Kapoor,8.783374786376953,0
John_Abraham,D:\Voice Authetication ESPNET\datasetvox\vox1_indian\content\vox_indian\id10519\00004_3.wav,Shahid_Kapoor,8.758491516113281,0
John_Abraham,D:\Voice Authetication ESPNET\datasetvox\vox1_indian\content\vox_indian\id10519\00019.wav,Shahid_Kapoor,7.307377338409424,0
John_Abraham,D:\Voice Authetication ESPNET\datasetvox\vox1_indian\content\vox_indian\id10519\00007_5.wav,John_Abraham,6.835322856903076,1
John_Abraham,D:\Voice Authetication ESPNET\datasetvox\vox1_indian\content\vox_indian\id10519\00023.wav,Aamir_Khan,10.371787071228027,0
John_Abraham,D:\Voice Authetication ESPNET\datasetvox\vox1_indian\content\vox_indian\id10519\00013.wav,Akshay_Kumar,8.109905242919922,0
John_Abraham,D:\Voice Authetication ESPNET\datasetvox\vox1_indian\content\vox_indian\id10519\00002.wav,Randeep_Hooda,7.762649059295654,0
John_Abraham,D:\Voice Authetication ESPNET\datasetvox\vox1_indian\content\vox_indian\id10519\00005_1.wav,Ranbir_Kapoor,8.568523406982422,0
John_Abraham,D:\Voice Authetication ESPNET\datasetvox\vox1_indian\content\vox_indian\id10519\00004_1.wav,Kanagana_Ranaut,8.970566749572754,0
John_Abraham,D:\Voice Authetication ESPNET\datasetvox\vox1_indian\content\vox_indian\id10519\00010.wav,Randeep_Hooda,8.378211975097656,0
John_Abraham,D:\Voice Authetication ESPNET\datasetvox\vox1_indian\content\vox_indian\id10519\00009.wav,Randeep_Hooda,7.450754642486572,0
John_Abraham,D:\Voice Authetication ESPNET\datasetvox\vox1_indian\content\vox_indian\id10519\00015_1.wav,Shahid_Kapoor,9.822051048278809,0
John_Abraham,D:\Voice Authetication ESPNET\datasetvox\vox1_indian\content\vox_indian\id10519\00002_5.wav,Akshay_Kumar,8.90164852142334,0
John_Abraham,D:\Voice Authetication ESPNET\datasetvox\vox1_indian\content\vox_indian\id10519\00004.wav,John_Abraham,8.567073822021484,1
John_Abraham,D:\Voice Authetication ESPNET\datasetvox\vox1_indian\content\vox_indian\id10519\00005_3.wav,Shahid_Kapoor,7.97406530380249,0
John_Abraham,D:\Voice Authetication ESPNET\datasetvox\vox1_indian\content\vox_indian\id10519\00003_5.wav,John_Abraham,10.618448257446289,1
John_Abraham,D:\Voice Authetication ESPNET\datasetvox\vox1_indian\content\vox_indian\id10519\00008_1.wav,Randeep_Hooda,9.221039772033691,0
John_Abraham,D:\Voice Authetication ESPNET\datasetvox\vox1_indian\content\vox_indian\id10519\00005.wav,Shahid_Kapoor,8.3611421585083,0
John_Abraham,D:\Voice Authetication ESPNET\datasetvox\vox1_indian\content\vox_indian\id10519\00002_7.wav,Randeep_Hooda,9.01943302154541,0
John_Abraham,D:\Voice Authetication ESPNET\datasetvox\vox1_indian\content\vox_indian\id10519\00020.wav,John_Abraham,7.917459011077881,1
John_Abraham,D:\Voice Authetication ESPNET\datasetvox\vox1_indian\content\vox_indian\id10519\00002_1.wav,Shahid_Kapoor,9.289963722229004,0
John_Abraham,D:\Voice Authetication ESPNET\datasetvox\vox1_indian\content\vox_indian\id10519\00025.wav,Shahid_Kapoor,7.5022053718566895,0
John_Abraham,D:\Voice Authetication ESPNET\datasetvox\vox1_indian\content\vox_indian\id10519\00004_4.wav,Shahid_Kapoor,7.692229747772217,0
John_Abraham,D:\Voice Authetication ESPNET\datasetvox\vox1_indian\content\vox_indian\id10519\00003.wav,John_Abraham,8.610370635986328,1
John_Abraham,D:\Voice Authetication ESPNET\datasetvox\vox1_indian\content\vox_indian\id10519\00001.wav,John_Abraham,8.25638484954834,1
John_Abraham,D:\Voice Authetication ESPNET\datasetvox\vox1_indian\content\vox_indian\id10519\00006_1.wav,Randeep_Hooda,9.862200736999512,0
John_Abraham,D:\Voice Authetication ESPNET\datasetvox\vox1_indian\content\vox_indian\id10519\00006_4.wav,Randeep_Hooda,8.348493576049805,0
John_Abraham,D:\Voice Authetication ESPNET\datasetvox\vox1_indian\content\vox_indian\id10519\00012_1.wav,Aamir_Khan,7.739470481872559,0
John_Abraham,D:\Voice Authetication ESPNET\datasetvox\vox1_indian\content\vox_indian\id10519\00003_6.wav,John_Abraham,6.531594276428223,1
John_Abraham,D:\Voice Authetication ESPNET\datasetvox\vox1_indian\content\vox_indian\id10519\00011_1.wav,Shahid_Kapoor,8.061305046081543,0
John_Abraham,D:\Voice Authetication ESPNET\datasetvox\vox1_indian\content\vox_indian\id10519\00003_7.wav,Om_Puri,9.733811378479004,0
John_Abraham,D:\Voice Authetication ESPNET\datasetvox\vox1_indian\content\vox_indian\id10519\00009_1.wav,Shahid_Kapoor,7.479211330413818,0
John_Abraham,D:\Voice Authetication ESPNET\datasetvox\vox1_indian\content\vox_indian\id10519\00002_9.wav,John_Abraham,8.617029190063477,1
John_Abraham,D:\Voice Authetication ESPNET\datasetvox\vox1_indian\content\vox_indian\id10519\00001_4.wav,John_Abraham,7.574873447418213,1
John_Abraham,D:\Voice Authetication ESPNET\datasetvox\vox1_indian\content\vox_indian\id10519\00002_2.wav,John_Abraham,7.91752290725708,1
John_Abraham,D:\Voice Authetication ESPNET\datasetvox\vox1_indian\content\vox_indian\id10519\00001_5.wav,Akshay_Kumar,11.681035995483398,0
John_Abraham,D:\Voice Authetication ESPNET\datasetvox\vox1_indian\content\vox_indian\id10519\00006.wav,Akshay_Kumar,8.378888130187988,0
John_Abraham,D:\Voice Authetication ESPNET\datasetvox\vox1_indian\content\vox_indian\id10519\00003_1.wav,Shahid_Kapoor,10.088968276977539,0
Kanagana_Ranaut,D:\Voice Authetication ESPNET\datasetvox\vox1_indian\content\vox_indian\id10583\00007_11.wav,Kanagana_Ranaut,7.16138219833374,1
Kanagana_Ranaut,D:\Voice Authetication ESPNET\datasetvox\vox1_indian\content\vox_indian\id10583\00021_4.wav,Kanagana_Ranaut,6.922337532043457,1
Kanagana_Ranaut,D:\Voice Authetication ESPNET\datasetvox\vox1_indian\content\vox_indian\id10583\00004_12.wav,Kanagana_Ranaut,9.886387825012207,1
Kanagana_Ranaut,D:\Voice Authetication ESPNET\datasetvox\vox1_indian\content\vox_indian\id10583\00017_5.wav,Randeep_Hooda,8.74851131439209,0
Kanagana_Ranaut,D:\Voice Authetication ESPNET\datasetvox\vox1_indian\content\vox_indian\id10583\00009.wav,Mallika_Sherawat,10.521934509277344,0
Kanagana_Ranaut,D:\Voice Authetication ESPNET\datasetvox\vox1_indian\content\vox_indian\id10583\00008_6.wav,Kanagana_Ranaut,7.992454528808594,1
Kanagana_Ranaut,D:\Voice Authetication ESPNET\datasetvox\vox1_indian\content\vox_indian\id10583\00009_6.wav,Pooja_Kumar,7.5328545570373535,0
Kanagana_Ranaut,D:\Voice Authetication ESPNET\datasetvox\vox1_indian\content\vox_indian\id10583\00001_11.wav,Kanagana_Ranaut,7.469464302062988,1
Kanagana_Ranaut,D:\Voice Authetication ESPNET\datasetvox\vox1_indian\content\vox_indian\id10583\00001_9.wav,Tabu,8.589235305786133,0
Kanagana_Ranaut,D:\Voice Authetication ESPNET\datasetvox\vox1_indian\content\vox_indian\id10583\00010_5.wav,Tabu,10.393253326416016,0
Kanagana_Ranaut,D:\Voice Authetication ESPNET\datasetvox\vox1_indian\content\vox_indian\id10583\00004_11.wav,John_Abraham,8.940098762512207,0
Kanagana_Ranaut,D:\Voice Authetication ESPNET\datasetvox\vox1_indian\content\vox_indian\id10583\00003_3.wav,Shahid_Kapoor,6.89292573928833,0
Kanagana_Ranaut,D:\Voice Authetication ESPNET\datasetvox\vox1_indian\content\vox_indian\id10583\00018_4.wav,Shahid_Kapoor,9.575859069824219,0
Kanagana_Ranaut,D:\Voice Authetication ESPNET\datasetvox\vox1_indian\content\vox_indian\id10583\00004_3.wav,Kanagana_Ranaut,6.462854385375977,1
Kanagana_Ranaut,D:\Voice Authetication ESPNET\datasetvox\vox1_indian\content\vox_indian\id10583\00013_5.wav,Parineeti_Chopra,10.133344650268555,0
Kanagana_Ranaut,D:\Voice Authetication ESPNET\datasetvox\vox1_indian\content\vox_indian\id10583\00008_5.wav,Om_Puri,10.067007064819336,0
Kanagana_Ranaut,D:\Voice Authetication ESPNET\datasetvox\vox1_indian\content\vox_indian\id10583\00008_3.wav,Kanagana_Ranaut,14.587955474853516,1
Kanagana_Ranaut,D:\Voice Authetication ESPNET\datasetvox\vox1_indian\content\vox_indian\id10583\00013_6.wav,Freida_Pinto,8.87039566040039,0
Kanagana_Ranaut,D:\Voice Authetication ESPNET\datasetvox\vox1_indian\content\vox_indian\id10583\00013_4.wav,Kanagana_Ranaut,6.642632484436035,1
Kanagana_Ranaut,D:\Voice Authetication ESPNET\datasetvox\vox1_indian\content\vox_indian\id10583\00016_3.wav,Kanagana_Ranaut,6.850815296173096,1
Kanagana_Ranaut,D:\Voice Authetication ESPNET\datasetvox\vox1_indian\content\vox_indian\id10583\00028_2.wav,Shahid_Kapoor,6.6032257080078125,0
Kanagana_Ranaut,D:\Voice Authetication ESPNET\datasetvox\vox1_indian\content\vox_indian\id10583\00020.wav,Vidya_Balan,8.466917991638184,0
Kanagana_Ranaut,D:\Voice Authetication ESPNET\datasetvox\vox1_indian\content\vox_indian\id10583\00009_5.wav,Om_Puri,7.850269317626953,0
Kanagana_Ranaut,D:\Voice Authetication ESPNET\datasetvox\vox1_indian\content\vox_indian\id10583\00008_1.wav,Shahid_Kapoor,7.187062740325928,0
Kanagana_Ranaut,D:\Voice Authetication ESPNET\datasetvox\vox1_indian\content\vox_indian\id10583\00001_16.wav,Kanagana_Ranaut,8.001182556152344,1
Kanagana_Ranaut,D:\Voice Authetication ESPNET\datasetvox\vox1_indian\content\vox_indian\id10583\00024_3.wav,Om_Puri,9.92625904083252,0
Kanagana_Ranaut,D:\Voice Authetication ESPNET\datasetvox\vox1_indian\content\vox_indian\id10583\00003_7.wav,Kanagana_Ranaut,9.354514122009277,1
Kanagana_Ranaut,D:\Voice Authetication ESPNET\datasetvox\vox1_indian\content\vox_indian\id10583\00005_1.wav,Shahid_Kapoor,7.987618446350098,0
Kanagana_Ranaut,D:\Voice Authetication ESPNET\datasetvox\vox1_indian\content\vox_indian\id10583\00001_15.wav,Kanagana_Ranaut,8.419788360595703,1
Kanagana_Ranaut,D:\Voice Authetication ESPNET\datasetvox\vox1_indian\content\vox_indian\id10583\00001_2.wav,Kanagana_Ranaut,7.523021697998047,1
Kanagana_Ranaut,D:\Voice Authetication ESPNET\datasetvox\vox1_indian\content\vox_indian\id10583\00014_5.wav,Kanagana_Ranaut,10.355448722839355,1
Kanagana_Ranaut,D:\Voice Authetication ESPNET\datasetvox\vox1_indian\content\vox_indian\id10583\00017_2.wav,Kanagana_Ranaut,8.36364459991455,1
Kanagana_Ranaut,D:\Voice Authetication ESPNET\datasetvox\vox1_indian\content\vox_indian\id10583\00035_1.wav,Randeep_Hooda,8.635302543640137,0
Kanagana_Ranaut,D:\Voice Authetication ESPNET\datasetvox\vox1_indian\content\vox_indian\id10583\00007_10.wav,Shahid_Kapoor,7.524712085723877,0
Kanagana_Ranaut,D:\Voice Authetication ESPNET\datasetvox\vox1_indian\content\vox_indian\id10583\00014_3.wav,Sonam_Kapoor,11.443035125732422,0
Kanagana_Ranaut,D:\Voice Authetication ESPNET\datasetvox\vox1_indian\content\vox_indian\id10583\00005_11.wav,Kanagana_Ranaut,6.626662731170654,1
Kanagana_Ranaut,D:\Voice Authetication ESPNET\datasetvox\vox1_indian\content\vox_indian\id10583\00002_12.wav,Kanagana_Ranaut,7.987378120422363,1
Kanagana_Ranaut,D:\Voice Authetication ESPNET\datasetvox\vox1_indian\content\vox_indian\id10583\00029_2.wav,Randeep_Hooda,7.968377113342285,0
Kanagana_Ranaut,D:\Voice Authetication ESPNET\datasetvox\vox1_indian\content\vox_indian\id10583\00007_7.wav,Kanagana_Ranaut,10.403543472290039,1
Kanagana_Ranaut,D:\Voice Authetication ESPNET\datasetvox\vox1_indian\content\vox_indian\id10583\00011_2.wav,Kanagana_Ranaut,9.002510070800781,1
Kanagana_Ranaut,D:\Voice Authetication ESPNET\datasetvox\vox1_indian\content\vox_indian\id10583\00015_1.wav,Shahid_Kapoor,8.584157943725586,0
Kanagana_Ranaut,D:\Voice Authetication ESPNET\datasetvox\vox1_indian\content\vox_indian\id10583\00010_8.wav,Tabu,8.12266731262207,0
Kanagana_Ranaut,D:\Voice Authetication ESPNET\datasetvox\vox1_indian\content\vox_indian\id10583\00002_3.wav,Kanagana_Ranaut,6.565754413604736,1
Kanagana_Ranaut,D:\Voice Authetication ESPNET\datasetvox\vox1_indian\content\vox_indian\id10583\00011_8.wav,Randeep_Hooda,8.36485481262207,0
Kanagana_Ranaut,D:\Voice Authetication ESPNET\datasetvox\vox1_indian\content\vox_indian\id10583\00014_4.wav,Pooja_Kumar,6.685872554779053,0
Mallika_Sherawat,D:\Voice Authetication ESPNET\datasetvox\vox1_indian\content\vox_indian\id10724\00022.wav,Shahid_Kapoor,6.633152961730957,0
Mallika_Sherawat,D:\Voice Authetication ESPNET\datasetvox\vox1_indian\content\vox_indian\id10724\00017_2.wav,Shahid_Kapoor,5.895964622497559,0
Mallika_Sherawat,D:\Voice Authetication ESPNET\datasetvox\vox1_indian\content\vox_indian\id10724\00030.wav,Aamir_Khan,7.751433849334717,0
Mallika_Sherawat,D:\Voice Authetication ESPNET\datasetvox\vox1_indian\content\vox_indian\id10724\00005_6.wav,Kanagana_Ranaut,9.266921043395996,0
Mallika_Sherawat,D:\Voice Authetication ESPNET\datasetvox\vox1_indian\content\vox_indian\id10724\00007_3.wav,Shraddha_Kapoor,8.396605491638184,0
Mallika_Sherawat,D:\Voice Authetication ESPNET\datasetvox\vox1_indian\content\vox_indian\id10724\00017.wav,Suraj_Sharma,9.723589897155762,0
Mallika_Sherawat,D:\Voice Authetication ESPNET\datasetvox\vox1_indian\content\vox_indian\id10724\00010_2.wav,Shahid_Kapoor,7.723820209503174,0
Mallika_Sherawat,D:\Voice Authetication ESPNET\datasetvox\vox1_indian\content\vox_indian\id10724\00011_2.wav,Shahid_Kapoor,7.093548774719238,0
Mallika_Sherawat,D:\Voice Authetication ESPNET\datasetvox\vox1_indian\content\vox_indian\id10724\00007_5.wav,Shahid_Kapoor,7.711193561553955,0
Mallika_Sherawat,D:\Voice Authetication ESPNET\datasetvox\vox1_indian\content\vox_indian\id10724\00010_1.wav,Suraj_Sharma,8.853483200073242,0
Mallika_Sherawat,D:\Voice Authetication ESPNET\datasetvox\vox1_indian\content\vox_indian\id10724\00010.wav,Sonam_Kapoor,8.266486167907715,0
Mallika_Sherawat,D:\Voice Authetication ESPNET\datasetvox\vox1_indian\content\vox_indian\id10724\00003_8.wav,Shahid_Kapoor,7.670381546020508,0
Mallika_Sherawat,D:\Voice Authetication ESPNET\datasetvox\vox1_indian\content\vox_indian\id10724\00007_2.wav,Om_Puri,11.777705192565918,0
Mallika_Sherawat,D:\Voice Authetication ESPNET\datasetvox\vox1_indian\content\vox_indian\id10724\00001_10.wav,Mallika_Sherawat,9.146029472351074,1
Mallika_Sherawat,D:\Voice Authetication ESPNET\datasetvox\vox1_indian\content\vox_indian\id10724\00003.wav,Om_Puri,8.779220581054688,0
Mallika_Sherawat,D:\Voice Authetication ESPNET\datasetvox\vox1_indian\content\vox_indian\id10724\00008.wav,Shahid_Kapoor,7.256489276885986,0
Mallika_Sherawat,D:\Voice Authetication ESPNET\datasetvox\vox1_indian\content\vox_indian\id10724\00003_1.wav,Shahid_Kapoor,7.514869213104248,0
Mallika_Sherawat,D:\Voice Authetication ESPNET\datasetvox\vox1_indian\content\vox_indian\id10724\00016_1.wav,Preity_Zinta,8.556324005126953,0
Mallika_Sherawat,D:\Voice Authetication ESPNET\datasetvox\vox1_indian\content\vox_indian\id10724\00001_11.wav,Shahid_Kapoor,7.516328811645508,0
Mallika_Sherawat,D:\Voice Authetication ESPNET\datasetvox\vox1_indian\content\vox_indian\id10724\00002_8.wav,Shahid_Kapoor,6.584372520446777,0
Mallika_Sherawat,D:\Voice Authetication ESPNET\datasetvox\vox1_indian\content\vox_indian\id10724\00021.wav,Shahid_Kapoor,6.698259353637695,0
Mallika_Sherawat,D:\Voice Authetication ESPNET\datasetvox\vox1_indian\content\vox_indian\id10724\00005_4.wav,Shahid_Kapoor,8.466949462890625,0
Mallika_Sherawat,D:\Voice Authetication ESPNET\datasetvox\vox1_indian\content\vox_indian\id10724\00003_5.wav,Vidya_Balan,8.32668399810791,0
Mallika_Sherawat,D:\Voice Authetication ESPNET\datasetvox\vox1_indian\content\vox_indian\id10724\00011_3.wav,Shahid_Kapoor,6.417662143707275,0
Mallika_Sherawat,D:\Voice Authetication ESPNET\datasetvox\vox1_indian\content\vox_indian\id10724\00009_2.wav,Shahid_Kapoor,8.800891876220703,0
Mallika_Sherawat,D:\Voice Authetication ESPNET\datasetvox\vox1_indian\content\vox_indian\id10724\00007.wav,Kanagana_Ranaut,8.471114158630371,0
Mallika_Sherawat,D:\Voice Authetication ESPNET\datasetvox\vox1_indian\content\vox_indian\id10724\00001_6.wav,Om_Puri,9.514490127563477,0
Mallika_Sherawat,D:\Voice Authetication ESPNET\datasetvox\vox1_indian\content\vox_indian\id10724\00001_4.wav,Mallika_Sherawat,11.269880294799805,1
Mallika_Sherawat,D:\Voice Authetication ESPNET\datasetvox\vox1_indian\content\vox_indian\id10724\00009.wav,Aamir_Khan,7.6953911781311035,0
Mallika_Sherawat,D:\Voice Authetication ESPNET\datasetvox\vox1_indian\content\vox_indian\id10724\00009_4.wav,Shahid_Kapoor,8.102166175842285,0
Mallika_Sherawat,D:\Voice Authetication ESPNET\datasetvox\vox1_indian\content\vox_indian\id10724\00009_3.wav,Shahid_Kapoor,11.337442398071289,0
Mallika_Sherawat,D:\Voice Authetication ESPNET\datasetvox\vox1_indian\content\vox_indian\id10724\00018_1.wav,Shahid_Kapoor,6.887075424194336,0
Mallika_Sherawat,D:\Voice Authetication ESPNET\datasetvox\vox1_indian\content\vox_indian\id10724\00028.wav,Pooja_Kumar,6.793206214904785,0
Mallika_Sherawat,D:\Voice Authetication ESPNET\datasetvox\vox1_indian\content\vox_indian\id10724\00002.wav,Om_Puri,9.590911865234375,0
Mallika_Sherawat,D:\Voice Authetication ESPNET\datasetvox\vox1_indian\content\vox_indian\id10724\00001_2.wav,Mallika_Sherawat,8.408434867858887,1
Mallika_Sherawat,D:\Voice Authetication ESPNET\datasetvox\vox1_indian\content\vox_indian\id10724\00014_1.wav,Shahid_Kapoor,7.286628723144531,0
Mallika_Sherawat,D:\Voice Authetication ESPNET\datasetvox\vox1_indian\content\vox_indian\id10724\00003_6.wav,Preity_Zinta,8.06103229522705,0
Mallika_Sherawat,D:\Voice Authetication ESPNET\datasetvox\vox1_indian\content\vox_indian\id10724\00008_1.wav,Pooja_Kumar,9.02707290649414,0
Mallika_Sherawat,D:\Voice Authetication ESPNET\datasetvox\vox1_indian\content\vox_indian\id10724\00006_3.wav,Shahid_Kapoor,8.159786224365234,0
Mallika_Sherawat,D:\Voice Authetication ESPNET\datasetvox\vox1_indian\content\vox_indian\id10724\00004_3.wav,Mallika_Sherawat,11.021510124206543,1
Mallika_Sherawat,D:\Voice Authetication ESPNET\datasetvox\vox1_indian\content\vox_indian\id10724\00006_2.wav,Freida_Pinto,12.987994194030762,0
Mallika_Sherawat,D:\Voice Authetication ESPNET\datasetvox\vox1_indian\content\vox_indian\id10724\00013_1.wav,Shahid_Kapoor,7.050268173217773,0
Mallika_Sherawat,D:\Voice Authetication ESPNET\datasetvox\vox1_indian\content\vox_indian\id10724\00003_7.wav,Shahid_Kapoor,6.89707088470459,0
Mallika_Sherawat,D:\Voice Authetication ESPNET\datasetvox\vox1_indian\content\vox_indian\id10724\00005_2.wav,Shahid_Kapoor,6.716098308563232,0
Mallika_Sherawat,D:\Voice Authetication ESPNET\datasetvox\vox1_indian\content\vox_indian\id10724\00026.wav,Pooja_Kumar,8.105031967163086,0
Naseerudhin_Shah,D:\Voice Authetication ESPNET\datasetvox\vox1_indian\content\vox_indian\id10852\00036.wav,Aamir_Khan,7.632701873779297,0
Naseerudhin_Shah,D:\Voice Authetication ESPNET\datasetvox\vox1_indian\content\vox_indian\id10852\00012.wav,Suraj_Sharma,9.405049324035645,0
Naseerudhin_Shah,D:\Voice Authetication ESPNET\datasetvox\vox1_indian\content\vox_indian\id10852\00038.wav,Aamir_Khan,8.288825035095215,0
Naseerudhin_Shah,D:\Voice Authetication ESPNET\datasetvox\vox1_indian\content\vox_indian\id10852\00003_7.wav,Shahid_Kapoor,10.975058555603027,0
Naseerudhin_Shah,D:\Voice Authetication ESPNET\datasetvox\vox1_indian\content\vox_indian\id10852\00069.wav,Naseerudhin_Shah,9.238839149475098,1
Naseerudhin_Shah,D:\Voice Authetication ESPNET\datasetvox\vox1_indian\content\vox_indian\id10852\00011.wav,Naseerudhin_Shah,12.175941467285156,1
Naseerudhin_Shah,D:\Voice Authetication ESPNET\datasetvox\vox1_indian\content\vox_indian\id10852\00050.wav,Naseerudhin_Shah,8.178974151611328,1
Naseerudhin_Shah,D:\Voice Authetication ESPNET\datasetvox\vox1_indian\content\vox_indian\id10852\00004_4.wav,Om_Puri,9.154403686523438,0
Naseerudhin_Shah,D:\Voice Authetication ESPNET\datasetvox\vox1_indian\content\vox_indian\id10852\00002_4.wav,Om_Puri,9.344375610351562,0
Naseerudhin_Shah,D:\Voice Authetication ESPNET\datasetvox\vox1_indian\content\vox_indian\id10852\00001_9.wav,Suraj_Sharma,8.177567481994629,0
Naseerudhin_Shah,D:\Voice Authetication ESPNET\datasetvox\vox1_indian\content\vox_indian\id10852\00003_6.wav,Om_Puri,12.975630760192871,0
Naseerudhin_Shah,D:\Voice Authetication ESPNET\datasetvox\vox1_indian\content\vox_indian\id10852\00067.wav,Naseerudhin_Shah,8.828839302062988,1
Naseerudhin_Shah,D:\Voice Authetication ESPNET\datasetvox\vox1_indian\content\vox_indian\id10852\00020.wav,A.R.Rahman,9.14353084564209,0
Naseerudhin_Shah,D:\Voice Authetication ESPNET\datasetvox\vox1_indian\content\vox_indian\id10852\00002_8.wav,Pooja_Kumar,8.8170747756958,0
Naseerudhin_Shah,D:\Voice Authetication ESPNET\datasetvox\vox1_indian\content\vox_indian\id10852\00013_4.wav,Naseerudhin_Shah,8.876667976379395,1
Naseerudhin_Shah,D:\Voice Authetication ESPNET\datasetvox\vox1_indian\content\vox_indian\id10852\00001_7.wav,Om_Puri,7.812902450561523,0
Naseerudhin_Shah,D:\Voice Authetication ESPNET\datasetvox\vox1_indian\content\vox_indian\id10852\00002_5.wav,A.R.Rahman,9.858990669250488,0
Naseerudhin_Shah,D:\Voice Authetication ESPNET\datasetvox\vox1_indian\content\vox_indian\id10852\00003.wav,Aamir_Khan,10.84616470336914,0
Naseerudhin_Shah,D:\Voice Authetication ESPNET\datasetvox\vox1_indian\content\vox_indian\id10852\00002_2.wav,Suraj_Sharma,8.402959823608398,0
Naseerudhin_Shah,D:\Voice Authetication ESPNET\datasetvox\vox1_indian\content\vox_indian\id10852\00015.wav,Naseerudhin_Shah,8.683967590332031,1
Naseerudhin_Shah,D:\Voice Authetication ESPNET\datasetvox\vox1_indian\content\vox_indian\id10852\00012_4.wav,A.R.Rahman,9.404955863952637,0
Naseerudhin_Shah,D:\Voice Authetication ESPNET\datasetvox\vox1_indian\content\vox_indian\id10852\00018_1.wav,Pooja_Kumar,10.833416938781738,0
Naseerudhin_Shah,D:\Voice Authetication ESPNET\datasetvox\vox1_indian\content\vox_indian\id10852\00012_3.wav,Pooja_Kumar,9.683652877807617,0
Naseerudhin_Shah,D:\Voice Authetication ESPNET\datasetvox\vox1_indian\content\vox_indian\id10852\00035.wav,Naseerudhin_Shah,7.901504993438721,1
Naseerudhin_Shah,D:\Voice Authetication ESPNET\datasetvox\vox1_indian\content\vox_indian\id10852\00030.wav,Naseerudhin_Shah,9.360034942626953,1
Naseerudhin_Shah,D:\Voice Authetication ESPNET\datasetvox\vox1_indian\content\vox_indian\id10852\00003_8.wav,Naseerudhin_Shah,9.148038864135742,1
Naseerudhin_Shah,D:\Voice Authetication ESPNET\datasetvox\vox1_indian\content\vox_indian\id10852\00048.wav,Naseerudhin_Shah,10.88529109954834,1
Naseerudhin_Shah,D:\Voice Authetication ESPNET\datasetvox\vox1_indian\content\vox_indian\id10852\00002_6.wav,John_Abraham,10.973093032836914,0
Naseerudhin_Shah,D:\Voice Authetication ESPNET\datasetvox\vox1_indian\content\vox_indian\id10852\00002_10.wav,Naseerudhin_Shah,8.03003978729248,1
Naseerudhin_Shah,D:\Voice Authetication ESPNET\datasetvox\vox1_indian\content\vox_indian\id10852\00008_4.wav,Naseerudhin_Shah,9.178075790405273,1
Naseerudhin_Shah,D:\Voice Authetication ESPNET\datasetvox\vox1_indian\content\vox_indian\id10852\00007.wav,Naseerudhin_Shah,10.075571060180664,1
Naseerudhin_Shah,D:\Voice Authetication ESPNET\datasetvox\vox1_indian\content\vox_indian\id10852\00008_2.wav,Preity_Zinta,7.476953029632568,0
Naseerudhin_Shah,D:\Voice Authetication ESPNET\datasetvox\vox1_indian\content\vox_indian\id10852\00004_8.wav,Pooja_Kumar,10.248736381530762,0
Naseerudhin_Shah,D:\Voice Authetication ESPNET\datasetvox\vox1_indian\content\vox_indian\id10852\00001_10.wav,Om_Puri,8.036608695983887,0
Naseerudhin_Shah,D:\Voice Authetication ESPNET\datasetvox\vox1_indian\content\vox_indian\id10852\00023.wav,Naseerudhin_Shah,8.931729316711426,1
Naseerudhin_Shah,D:\Voice Authetication ESPNET\datasetvox\vox1_indian\content\vox_indian\id10852\00005.wav,Aamir_Khan,8.885178565979004,0
Naseerudhin_Shah,D:\Voice Authetication ESPNET\datasetvox\vox1_indian\content\vox_indian\id10852\00064.wav,Suraj_Sharma,12.256180763244629,0
Naseerudhin_Shah,D:\Voice Authetication ESPNET\datasetvox\vox1_indian\content\vox_indian\id10852\00004_7.wav,Om_Puri,7.995373249053955,0
Naseerudhin_Shah,D:\Voice Authetication ESPNET\datasetvox\vox1_indian\content\vox_indian\id10852\00011_1.wav,Naseerudhin_Shah,10.743634223937988,1
Naseerudhin_Shah,D:\Voice Authetication ESPNET\datasetvox\vox1_indian\content\vox_indian\id10852\00017_2.wav,Shahid_Kapoor,9.936033248901367,0
Naseerudhin_Shah,D:\Voice Authetication ESPNET\datasetvox\vox1_indian\content\vox_indian\id10852\00010_3.wav,Shahid_Kapoor,9.235304832458496,0
Naseerudhin_Shah,D:\Voice Authetication ESPNET\datasetvox\vox1_indian\content\vox_indian\id10852\00009_4.wav,Shahid_Kapoor,9.191307067871094,0
Naseerudhin_Shah,D:\Voice Authetication ESPNET\datasetvox\vox1_indian\content\vox_indian\id10852\00002_7.wav,Naseerudhin_Shah,9.824034690856934,1
Naseerudhin_Shah,D:\Voice Authetication ESPNET\datasetvox\vox1_indian\content\vox_indian\id10852\00003_11.wav,Om_Puri,10.215612411499023,0
Naseerudhin_Shah,D:\Voice Authetication ESPNET\datasetvox\vox1_indian\content\vox_indian\id10852\00063.wav,Suraj_Sharma,12.304962158203125,0
Om_Puri,D:\Voice Authetication ESPNET\datasetvox\vox1_indian\content\vox_indian\id10901\00002_4.wav,Om_Puri,7.890008926391602,1
Om_Puri,D:\Voice Authetication ESPNET\datasetvox\vox1_indian\content\vox_indian\id10901\00001_13.wav,Om_Puri,8.917104721069336,1
Om_Puri,D:\Voice Authetication ESPNET\datasetvox\vox1_indian\content\vox_indian\id10901\00001_19.wav,Om_Puri,7.965684413909912,1
Om_Puri,D:\Voice Authetication ESPNET\datasetvox\vox1_indian\content\vox_indian\id10901\00004_3.wav,Om_Puri,7.8817667961120605,1
Om_Puri,D:\Voice Authetication ESPNET\datasetvox\vox1_indian\content\vox_indian\id10901\00006_7.wav,Om_Puri,6.573629379272461,1
Om_Puri,D:\Voice Authetication ESPNET\datasetvox\vox1_indian\content\vox_indian\id10901\00016_1.wav,Om_Puri,9.543469429016113,1
Om_Puri,D:\Voice Authetication ESPNET\datasetvox\vox1_indian\content\vox_indian\id10901\00008_3.wav,Om_Puri,9.39678955078125,1
Om_Puri,D:\Voice Authetication ESPNET\datasetvox\vox1_indian\content\vox_indian\id10901\00014.wav,Om_Puri,9.735695838928223,1
Om_Puri,D:\Voice Authetication ESPNET\datasetvox\vox1_indian\content\vox_indian\id10901\00003_9.wav,Om_Puri,10.851871490478516,1
Om_Puri,D:\Voice Authetication ESPNET\datasetvox\vox1_indian\content\vox_indian\id10901\00005_7.wav,Om_Puri,8.750073432922363,1
Om_Puri,D:\Voice Authetication ESPNET\datasetvox\vox1_indian\content\vox_indian\id10901\00003_13.wav,Om_Puri,9.588813781738281,1
Om_Puri,D:\Voice Authetication ESPNET\datasetvox\vox1_indian\content\vox_indian\id10901\00006_6.wav,Om_Puri,7.261867046356201,1
Om_Puri,D:\Voice Authetication ESPNET\datasetvox\vox1_indian\content\vox_indian\id10901\00003_2.wav,Om_Puri,8.988327026367188,1
Om_Puri,D:\Voice Authetication ESPNET\datasetvox\vox1_indian\content\vox_indian\id10901\00005_9.wav,Irfan_Khan,11.239951133728027,0
Om_Puri,D:\Voice Authetication ESPNET\datasetvox\vox1_indian\content\vox_indian\id10901\00001_3.wav,Amitabh Bachchan,9.669203758239746,0
Om_Puri,D:\Voice Authetication ESPNET\datasetvox\vox1_indian\content\vox_indian\id10901\00003.wav,Om_Puri,9.753479957580566,1
Om_Puri,D:\Voice Authetication ESPNET\datasetvox\vox1_indian\content\vox_indian\id10901\00008_2.wav,Om_Puri,8.646953582763672,1
Om_Puri,D:\Voice Authetication ESPNET\datasetvox\vox1_indian\content\vox_indian\id10901\00017.wav,Om_Puri,9.222887992858887,1
Om_Puri,D:\Voice Authetication ESPNET\datasetvox\vox1_indian\content\vox_indian\id10901\00004_8.wav,Om_Puri,13.164626121520996,1
Om_Puri,D:\Voice Authetication ESPNET\datasetvox\vox1_indian\content\vox_indian\id10901\00004_4.wav,Om_Puri,10.407452583312988,1
Om_Puri,D:\Voice Authetication ESPNET\datasetvox\vox1_indian\content\vox_indian\id10901\00001_18.wav,Om_Puri,7.991343021392822,1
Om_Puri,D:\Voice Authetication ESPNET\datasetvox\vox1_indian\content\vox_indian\id10901\00006_3.wav,Om_Puri,7.453310489654541,1
Om_Puri,D:\Voice Authetication ESPNET\datasetvox\vox1_indian\content\vox_indian\id10901\00001_4.wav,Om_Puri,8.62319564819336,1
Om_Puri,D:\Voice Authetication ESPNET\datasetvox\vox1_indian\content\vox_indian\id10901\00015_1.wav,Om_Puri,8.114901542663574,1
Om_Puri,D:\Voice Authetication ESPNET\datasetvox\vox1_indian\content\vox_indian\id10901\00013_1.wav,Om_Puri,9.327104568481445,1
Om_Puri,D:\Voice Authetication ESPNET\datasetvox\vox1_indian\content\vox_indian\id10901\00012_2.wav,Om_Puri,7.747768402099609,1
Om_Puri,D:\Voice Authetication ESPNET\datasetvox\vox1_indian\content\vox_indian\id10901\00005_6.wav,Naseerudhin_Shah,10.934971809387207,0
Om_Puri,D:\Voice Authetication ESPNET\datasetvox\vox1_indian\content\vox_indian\id10901\00007_1.wav,Om_Puri,7.328652381896973,1
Om_Puri,D:\Voice Authetication ESPNET\datasetvox\vox1_indian\content\vox_indian\id10901\00001_9.wav,Om_Puri,8.931136131286621,1
Om_Puri,D:\Voice Authetication ESPNET\datasetvox\vox1_indian\content\vox_indian\id10901\00007.wav,Om_Puri,7.345062255859375,1
Om_Puri,D:\Voice Authetication ESPNET\datasetvox\vox1_indian\content\vox_indian\id10901\00010_1.wav,Om_Puri,7.012691020965576,1
Om_Puri,D:\Voice Authetication ESPNET\datasetvox\vox1_indian\content\vox_indian\id10901\00004.wav,Om_Puri,13.241329193115234,1
Om_Puri,D:\Voice Authetication ESPNET\datasetvox\vox1_indian\content\vox_indian\id10901\00004_9.wav,Om_Puri,6.255679607391357,1
Om_Puri,D:\Voice Authetication ESPNET\datasetvox\vox1_indian\content\vox_indian\id10901\00011_1.wav,Om_Puri,5.9701619148254395,1
Om_Puri,D:\Voice Authetication ESPNET\datasetvox\vox1_indian\content\vox_indian\id10901\00001_5.wav,Om_Puri,10.841364860534668,1
Om_Puri,D:\Voice Authetication ESPNET\datasetvox\vox1_indian\content\vox_indian\id10901\00003_12.wav,Om_Puri,7.216893672943115,1
Om_Puri,D:\Voice Authetication ESPNET\datasetvox\vox1_indian\content\vox_indian\id10901\00006_8.wav,Om_Puri,8.267138481140137,1
Om_Puri,D:\Voice Authetication ESPNET\datasetvox\vox1_indian\content\vox_indian\id10901\00015.wav,Om_Puri,8.472476959228516,1
Om_Puri,D:\Voice Authetication ESPNET\datasetvox\vox1_indian\content\vox_indian\id10901\00001_6.wav,Om_Puri,8.620731353759766,1
Om_Puri,D:\Voice Authetication ESPNET\datasetvox\vox1_indian\content\vox_indian\id10901\00014_1.wav,Om_Puri,8.713760375976562,1
Om_Puri,D:\Voice Authetication ESPNET\datasetvox\vox1_indian\content\vox_indian\id10901\00003_5.wav,Om_Puri,10.07281494140625,1
Om_Puri,D:\Voice Authetication ESPNET\datasetvox\vox1_indian\content\vox_indian\id10901\00005.wav,Om_Puri,7.3489532470703125,1
Om_Puri,D:\Voice Authetication ESPNET\datasetvox\vox1_indian\content\vox_indian\id10901\00002_5.wav,Om_Puri,8.335299491882324,1
Om_Puri,D:\Voice Authetication ESPNET\datasetvox\vox1_indian\content\vox_indian\id10901\00005_4.wav,Om_Puri,9.274656295776367,1
Om_Puri,D:\Voice Authetication ESPNET\datasetvox\vox1_indian\content\vox_indian\id10901\00003_3.wav,Om_Puri,6.908015727996826,1
Parineeti_Chopra,D:\Voice Authetication ESPNET\datasetvox\vox1_indian\content\vox_indian\id10912\00004_12.wav,Shahid_Kapoor,9.850359916687012,0
Parineeti_Chopra,D:\Voice Authetication ESPNET\datasetvox\vox1_indian\content\vox_indian\id10912\00017_5.wav,Shraddha_Kapoor,9.295395851135254,0
Parineeti_Chopra,D:\Voice Authetication ESPNET\datasetvox\vox1_indian\content\vox_indian\id10912\00006_4.wav,Parineeti_Chopra,9.060962677001953,1
Parineeti_Chopra,D:\Voice Authetication ESPNET\datasetvox\vox1_indian\content\vox_indian\id10912\00002_15.wav,Aamir_Khan,10.260895729064941,0
Parineeti_Chopra,D:\Voice Authetication ESPNET\datasetvox\vox1_indian\content\vox_indian\id10912\00014_2.wav,Suraj_Sharma,10.806731224060059,0
Parineeti_Chopra,D:\Voice Authetication ESPNET\datasetvox\vox1_indian\content\vox_indian\id10912\00001_26.wav,Shraddha_Kapoor,9.758386611938477,0
Parineeti_Chopra,D:\Voice Authetication ESPNET\datasetvox\vox1_indian\content\vox_indian\id10912\00003_1.wav,Shraddha_Kapoor,9.206326484680176,0
Parineeti_Chopra,D:\Voice Authetication ESPNET\datasetvox\vox1_indian\content\vox_indian\id10912\00006_10.wav,Om_Puri,11.340235710144043,0
Parineeti_Chopra,D:\Voice Authetication ESPNET\datasetvox\vox1_indian\content\vox_indian\id10912\00010_6.wav,Sonam_Kapoor,9.51246166229248,0
Parineeti_Chopra,D:\Voice Authetication ESPNET\datasetvox\vox1_indian\content\vox_indian\id10912\00004_1.wav,Parineeti_Chopra,10.058616638183594,1
Parineeti_Chopra,D:\Voice Authetication ESPNET\datasetvox\vox1_indian\content\vox_indian\id10912\00003_5.wav,Parineeti_Chopra,8.275473594665527,1
Parineeti_Chopra,D:\Voice Authetication ESPNET\datasetvox\vox1_indian\content\vox_indian\id10912\00001_27.wav,Randeep_Hooda,10.521623611450195,0
Parineeti_Chopra,D:\Voice Authetication ESPNET\datasetvox\vox1_indian\content\vox_indian\id10912\00005_6.wav,Parineeti_Chopra,8.778411865234375,1
Parineeti_Chopra,D:\Voice Authetication ESPNET\datasetvox\vox1_indian\content\vox_indian\id10912\00006_7.wav,Suraj_Sharma,12.733484268188477,0
Parineeti_Chopra,D:\Voice Authetication ESPNET\datasetvox\vox1_indian\content\vox_indian\id10912\00013_5.wav,Shahid_Kapoor,7.916134357452393,0
Parineeti_Chopra,D:\Voice Authetication ESPNET\datasetvox\vox1_indian\content\vox_indian\id10912\00029.wav,Aamir_Khan,9.256599426269531,0
Parineeti_Chopra,D:\Voice Authetication ESPNET\datasetvox\vox1_indian\content\vox_indian\id10912\00003_11.wav,Suraj_Sharma,6.9468207359313965,0
Parineeti_Chopra,D:\Voice Authetication ESPNET\datasetvox\vox1_indian\content\vox_indian\id10912\00026.wav,Shahid_Kapoor,8.970951080322266,0
Parineeti_Chopra,D:\Voice Authetication ESPNET\datasetvox\vox1_indian\content\vox_indian\id10912\00015_3.wav,Shahid_Kapoor,7.90880012512207,0
Parineeti_Chopra,D:\Voice Authetication ESPNET\datasetvox\vox1_indian\content\vox_indian\id10912\00028.wav,Parineeti_Chopra,7.798916816711426,1
Parineeti_Chopra,D:\Voice Authetication ESPNET\datasetvox\vox1_indian\content\vox_indian\id10912\00023_2.wav,Parineeti_Chopra,10.059094429016113,1
Parineeti_Chopra,D:\Voice Authetication ESPNET\datasetvox\vox1_indian\content\vox_indian\id10912\00021_2.wav,Shahid_Kapoor,6.333697319030762,0
Parineeti_Chopra,D:\Voice Authetication ESPNET\datasetvox\vox1_indian\content\vox_indian\id10912\00002_14.wav,Preity_Zinta,6.052648067474365,0
Parineeti_Chopra,D:\Voice Authetication ESPNET\datasetvox\vox1_indian\content\vox_indian\id10912\00010_1.wav,Shahid_Kapoor,8.00034236907959,0
Parineeti_Chopra,D:\Voice Authetication ESPNET\datasetvox\vox1_indian\content\vox_indian\id10912\00005_11.wav,Randeep_Hooda,10.509538650512695,0
Parineeti_Chopra,D:\Voice Authetication ESPNET\datasetvox\vox1_indian\content\vox_indian\id10912\00006_3.wav,Shahid_Kapoor,6.669935703277588,0
Parineeti_Chopra,D:\Voice Authetication ESPNET\datasetvox\vox1_indian\content\vox_indian\id10912\00024_2.wav,Parineeti_Chopra,8.547410011291504,1
Parineeti_Chopra,D:\Voice Authetication ESPNET\datasetvox\vox1_indian\content\vox_indian\id10912\00011_4.wav,Suraj_Sharma,9.403429985046387,0
Parineeti_Chopra,D:\Voice Authetication ESPNET\datasetvox\vox1_indian\content\vox_indian\id10912\00005_8.wav,Suraj_Sharma,13.09123706817627,0
Parineeti_Chopra,D:\Voice Authetication ESPNET\datasetvox\vox1_indian\content\vox_indian\id10912\00015_5.wav,Suraj_Sharma,9.696023941040039,0
Parineeti_Chopra,D:\Voice Authetication ESPNET\datasetvox\vox1_indian\content\vox_indian\id10912\00019_3.wav,Shahid_Kapoor,8.292335510253906,0
Parineeti_Chopra,D:\Voice Authetication ESPNET\datasetvox\vox1_indian\content\vox_indian\id10912\00005_1.wav,Kanagana_Ranaut,9.842413902282715,0
Parineeti_Chopra,D:\Voice Authetication ESPNET\datasetvox\vox1_indian\content\vox_indian\id10912\00022_1.wav,Shahid_Kapoor,7.5214338302612305,0
Parineeti_Chopra,D:\Voice Authetication ESPNET\datasetvox\vox1_indian\content\vox_indian\id10912\00017_4.wav,Shahid_Kapoor,7.886801242828369,0
Parineeti_Chopra,D:\Voice Authetication ESPNET\datasetvox\vox1_indian\content\vox_indian\id10912\00001_22.wav,Freida_Pinto,11.596864700317383,0
Parineeti_Chopra,D:\Voice Authetication ESPNET\datasetvox\vox1_indian\content\vox_indian\id10912\00006_11.wav,Kanagana_Ranaut,10.93720531463623,0
Parineeti_Chopra,D:\Voice Authetication ESPNET\datasetvox\vox1_indian\content\vox_indian\id10912\00001.wav,Parineeti_Chopra,8.976263999938965,1
Parineeti_Chopra,D:\Voice Authetication ESPNET\datasetvox\vox1_indian\content\vox_indian\id10912\00008_3.wav,Parineeti_Chopra,7.497501373291016,1
Parineeti_Chopra,D:\Voice Authetication ESPNET\datasetvox\vox1_indian\content\vox_indian\id10912\00032.wav,Shahid_Kapoor,7.329889297485352,0
Parineeti_Chopra,D:\Voice Authetication ESPNET\datasetvox\vox1_indian\content\vox_indian\id10912\00027_1.wav,Parineeti_Chopra,9.336533546447754,1
Parineeti_Chopra,D:\Voice Authetication ESPNET\datasetvox\vox1_indian\content\vox_indian\id10912\00003_16.wav,Randeep_Hooda,10.01794719696045,0
Parineeti_Chopra,D:\Voice Authetication ESPNET\datasetvox\vox1_indian\content\vox_indian\id10912\00025_2.wav,Parineeti_Chopra,9.763690948486328,1
Parineeti_Chopra,D:\Voice Authetication ESPNET\datasetvox\vox1_indian\content\vox_indian\id10912\00017.wav,Kanagana_Ranaut,9.980233192443848,0
Parineeti_Chopra,D:\Voice Authetication ESPNET\datasetvox\vox1_indian\content\vox_indian\id10912\00003.wav,Kanagana_Ranaut,8.42378044128418,0
Parineeti_Chopra,D:\Voice Authetication ESPNET\datasetvox\vox1_indian\content\vox_indian\id10912\00018_3.wav,Shahid_Kapoor,9.661909103393555,0
Pooja_Kumar,D:\Voice Authetication ESPNET\datasetvox\vox1_indian\content\vox_indian\id10941\00004_5.wav,Pooja_Kumar,9.419672012329102,1
Pooja_Kumar,D:\Voice Authetication ESPNET\datasetvox\vox1_indian\content\vox_indian\id10941\00005_7.wav,Pooja_Kumar,7.375735759735107,1
Pooja_Kumar,D:\Voice Authetication ESPNET\datasetvox\vox1_indian\content\vox_indian\id10941\00007_5.wav,Freida_Pinto,7.698440074920654,0
Pooja_Kumar,D:\Voice Authetication ESPNET\datasetvox\vox1_indian\content\vox_indian\id10941\00014_6.wav,Pooja_Kumar,8.341292381286621,1
Pooja_Kumar,D:\Voice Authetication ESPNET\datasetvox\vox1_indian\content\vox_indian\id10941\00032.wav,Freida_Pinto,9.669978141784668,0
Pooja_Kumar,D:\Voice Authetication ESPNET\datasetvox\vox1_indian\content\vox_indian\id10941\00018_2.wav,Freida_Pinto,7.096067428588867,0
Pooja_Kumar,D:\Voice Authetication ESPNET\datasetvox\vox1_indian\content\vox_indian\id10941\00001_8.wav,Freida_Pinto,8.103517532348633,0
Pooja_Kumar,D:\Voice Authetication ESPNET\datasetvox\vox1_indian\content\vox_indian\id10941\00016_2.wav,Freida_Pinto,7.329760551452637,0
Pooja_Kumar,D:\Voice Authetication ESPNET\datasetvox\vox1_indian\content\vox_indian\id10941\00001_11.wav,Pooja_Kumar,11.811710357666016,1
Pooja_Kumar,D:\Voice Authetication ESPNET\datasetvox\vox1_indian\content\vox_indian\id10941\00004_8.wav,Pooja_Kumar,10.280232429504395,1
Pooja_Kumar,D:\Voice Authetication ESPNET\datasetvox\vox1_indian\content\vox_indian\id10941\00005_2.wav,Freida_Pinto,7.574041366577148,0
Pooja_Kumar,D:\Voice Authetication ESPNET\datasetvox\vox1_indian\content\vox_indian\id10941\00003_4.wav,Pooja_Kumar,6.5005364418029785,1
Pooja_Kumar,D:\Voice Authetication ESPNET\datasetvox\vox1_indian\content\vox_indian\id10941\00015_4.wav,Freida_Pinto,7.415099143981934,0
Pooja_Kumar,D:\Voice Authetication ESPNET\datasetvox\vox1_indian\content\vox_indian\id10941\00030.wav,Pooja_Kumar,9.771471977233887,1
Pooja_Kumar,D:\Voice Authetication ESPNET\datasetvox\vox1_indian\content\vox_indian\id10941\00012_2.wav,Freida_Pinto,8.167939186096191,0
Pooja_Kumar,D:\Voice Authetication ESPNET\datasetvox\vox1_indian\content\vox_indian\id10941\00010.wav,Pooja_Kumar,7.2069244384765625,1
Pooja_Kumar,D:\Voice Authetication ESPNET\datasetvox\vox1_indian\content\vox_indian\id10941\00007_2.wav,Pooja_Kumar,8.4777250289917,1
Pooja_Kumar,D:\Voice Authetication ESPNET\datasetvox\vox1_indian\content\vox_indian\id10941\00003_5.wav,Freida_Pinto,7.523133754730225,0
Pooja_Kumar,D:\Voice Authetication ESPNET\datasetvox\vox1_indian\content\vox_indian\id10941\00008_7.wav,Pooja_Kumar,10.270280838012695,1
Pooja_Kumar,D:\Voice Authetication ESPNET\datasetvox\vox1_indian\content\vox_indian\id10941\00009_2.wav,Freida_Pinto,7.175411224365234,0
Pooja_Kumar,D:\Voice Authetication ESPNET\datasetvox\vox1_indian\content\vox_indian\id10941\00013_5.wav,Pooja_Kumar,11.988367080688477,1
Pooja_Kumar,D:\Voice Authetication ESPNET\datasetvox\vox1_indian\content\vox_indian\id10941\00002_5.wav,Freida_Pinto,8.887996673583984,0
Pooja_Kumar,D:\Voice Authetication ESPNET\datasetvox\vox1_indian\content\vox_indian\id10941\00002_1.wav,Kanagana_Ranaut,9.364522933959961,0
Pooja_Kumar,D:\Voice Authetication ESPNET\datasetvox\vox1_indian\content\vox_indian\id10941\00004_9.wav,Pooja_Kumar,6.898314476013184,1
Pooja_Kumar,D:\Voice Authetication ESPNET\datasetvox\vox1_indian\content\vox_indian\id10941\00009.wav,Pooja_Kumar,8.309524536132812,1
Pooja_Kumar,D:\Voice Authetication ESPNET\datasetvox\vox1_indian\content\vox_indian\id10941\00010_4.wav,Pooja_Kumar,6.70169734954834,1
Pooja_Kumar,D:\Voice Authetication ESPNET\datasetvox\vox1_indian\content\vox_indian\id10941\00012_6.wav,Pooja_Kumar,7.396600246429443,1
Pooja_Kumar,D:\Voice Authetication ESPNET\datasetvox\vox1_indian\content\vox_indian\id10941\00014_2.wav,Pooja_Kumar,9.236352920532227,1
Pooja_Kumar,D:\Voice Authetication ESPNET\datasetvox\vox1_indian\content\vox_indian\id10941\00008_3.wav,Pooja_Kumar,8.348118782043457,1
Pooja_Kumar,D:\Voice Authetication ESPNET\datasetvox\vox1_indian\content\vox_indian\id10941\00001_2.wav,Pooja_Kumar,7.362059116363525,1
Pooja_Kumar,D:\Voice Authetication ESPNET\datasetvox\vox1_indian\content\vox_indian\id10941\00027_1.wav,Pooja_Kumar,8.293144226074219,1
Pooja_Kumar,D:\Voice Authetication ESPNET\datasetvox\vox1_indian\content\vox_indian\id10941\00002.wav,Pooja_Kumar,8.803211212158203,1
Pooja_Kumar,D:\Voice Authetication ESPNET\datasetvox\vox1_indian\content\vox_indian\id10941\00001_1.wav,Pooja_Kumar,7.742769718170166,1
Pooja_Kumar,D:\Voice Authetication ESPNET\datasetvox\vox1_indian\content\vox_indian\id10941\00005_5.wav,Freida_Pinto,6.662429332733154,0
Pooja_Kumar,D:\Voice Authetication ESPNET\datasetvox\vox1_indian\content\vox_indian\id10941\00006_7.wav,Pooja_Kumar,8.906953811645508,1
Pooja_Kumar,D:\Voice Authetication ESPNET\datasetvox\vox1_indian\content\vox_indian\id10941\00002_8.wav,Pooja_Kumar,6.751418113708496,1
Pooja_Kumar,D:\Voice Authetication ESPNET\datasetvox\vox1_indian\content\vox_indian\id10941\00003_3.wav,Pooja_Kumar,7.6583476066589355,1
Pooja_Kumar,D:\Voice Authetication ESPNET\datasetvox\vox1_indian\content\vox_indian\id10941\00025_2.wav,Pooja_Kumar,9.455436706542969,1
Pooja_Kumar,D:\Voice Authetication ESPNET\datasetvox\vox1_indian\content\vox_indian\id10941\00021_2.wav,Freida_Pinto,7.234834671020508,0
Pooja_Kumar,D:\Voice Authetication ESPNET\datasetvox\vox1_indian\content\vox_indian\id10941\00010_1.wav,Pooja_Kumar,10.525920867919922,1
Pooja_Kumar,D:\Voice Authetication ESPNET\datasetvox\vox1_indian\content\vox_indian\id10941\00033_1.wav,Pooja_Kumar,7.069835186004639,1
Pooja_Kumar,D:\Voice Authetication ESPNET\datasetvox\vox1_indian\content\vox_indian\id10941\00017_2.wav,Freida_Pinto,9.613750457763672,0
Pooja_Kumar,D:\Voice Authetication ESPNET\datasetvox\vox1_indian\content\vox_indian\id10941\00020_1.wav,Sonam_Kapoor,13.89441204071045,0
Pooja_Kumar,D:\Voice Authetication ESPNET\datasetvox\vox1_indian\content\vox_indian\id10941\00002_9.wav,Pooja_Kumar,7.176786422729492,1
Pooja_Kumar,D:\Voice Authetication ESPNET\datasetvox\vox1_indian\content\vox_indian\id10941\00028_1.wav,Pooja_Kumar,8.4512300491333,1
Preity_Zinta,D:\Voice Authetication ESPNET\datasetvox\vox1_indian\content\vox_indian\id10943\00014_6.wav,Preity_Zinta,5.853225231170654,1
Preity_Zinta,D:\Voice Authetication ESPNET\datasetvox\vox1_indian\content\vox_indian\id10943\00018_4.wav,Akshay_Kumar,7.026331424713135,0
Preity_Zinta,D:\Voice Authetication ESPNET\datasetvox\vox1_indian\content\vox_indian\id10943\00009.wav,Sonam_Kapoor,12.898085594177246,0
Preity_Zinta,D:\Voice Authetication ESPNET\datasetvox\vox1_indian\content\vox_indian\id10943\00007_3.wav,Kanagana_Ranaut,7.50039529800415,0
Preity_Zinta,D:\Voice Authetication ESPNET\datasetvox\vox1_indian\content\vox_indian\id10943\00002_2.wav,Pooja_Kumar,8.797554016113281,0
Preity_Zinta,D:\Voice Authetication ESPNET\datasetvox\vox1_indian\content\vox_indian\id10943\00025_4.wav,Om_Puri,8.153440475463867,0
Preity_Zinta,D:\Voice Authetication ESPNET\datasetvox\vox1_indian\content\vox_indian\id10943\00012_3.wav,Suraj_Sharma,9.102989196777344,0
Preity_Zinta,D:\Voice Authetication ESPNET\datasetvox\vox1_indian\content\vox_indian\id10943\00008_7.wav,Mallika_Sherawat,7.490296363830566,0
Preity_Zinta,D:\Voice Authetication ESPNET\datasetvox\vox1_indian\content\vox_indian\id10943\00039.wav,John_Abraham,9.393355369567871,0
Preity_Zinta,D:\Voice Authetication ESPNET\datasetvox\vox1_indian\content\vox_indian\id10943\00019_2.wav,Randeep_Hooda,8.965886116027832,0
Preity_Zinta,D:\Voice Authetication ESPNET\datasetvox\vox1_indian\content\vox_indian\id10943\00004_4.wav,Tabu,8.905068397521973,0
Preity_Zinta,D:\Voice Authetication ESPNET\datasetvox\vox1_indian\content\vox_indian\id10943\00006_7.wav,Randeep_Hooda,8.311805725097656,0
Preity_Zinta,D:\Voice Authetication ESPNET\datasetvox\vox1_indian\content\vox_indian\id10943\00028_3.wav,Om_Puri,9.170940399169922,0
Preity_Zinta,D:\Voice Authetication ESPNET\datasetvox\vox1_indian\content\vox_indian\id10943\00023_1.wav,Pooja_Kumar,8.078985214233398,0
Preity_Zinta,D:\Voice Authetication ESPNET\datasetvox\vox1_indian\content\vox_indian\id10943\00002_6.wav,Om_Puri,9.189624786376953,0
Preity_Zinta,D:\Voice Authetication ESPNET\datasetvox\vox1_indian\content\vox_indian\id10943\00025_1.wav,Pooja_Kumar,6.86787748336792,0
Preity_Zinta,D:\Voice Authetication ESPNET\datasetvox\vox1_indian\content\vox_indian\id10943\00002_4.wav,Ranbir_Kapoor,10.959836959838867,0
Preity_Zinta,D:\Voice Authetication ESPNET\datasetvox\vox1_indian\content\vox_indian\id10943\00015_4.wav,Shahid_Kapoor,6.108719825744629,0
Preity_Zinta,D:\Voice Authetication ESPNET\datasetvox\vox1_indian\content\vox_indian\id10943\00030_1.wav,Sonam_Kapoor,10.69320011138916,0
Preity_Zinta,D:\Voice Authetication ESPNET\datasetvox\vox1_indian\content\vox_indian\id10943\00034.wav,Shahid_Kapoor,6.975514888763428,0
Preity_Zinta,D:\Voice Authetication ESPNET\datasetvox\vox1_indian\content\vox_indian\id10943\00005_7.wav,Om_Puri,8.70666217803955,0
Preity_Zinta,D:\Voice Authetication ESPNET\datasetvox\vox1_indian\content\vox_indian\id10943\00013_5.wav,Randeep_Hooda,8.741408348083496,0
Preity_Zinta,D:\Voice Authetication ESPNET\datasetvox\vox1_indian\content\vox_indian\id10943\00005_9.wav,Preity_Zinta,6.63417911529541,1
Preity_Zinta,D:\Voice Authetication ESPNET\datasetvox\vox1_indian\content\vox_indian\id10943\00004_11.wav,Preity_Zinta,9.223982810974121,1
Preity_Zinta,D:\Voice Authetication ESPNET\datasetvox\vox1_indian\content\vox_indian\id10943\00029_1.wav,Pooja_Kumar,8.387779235839844,0
Preity_Zinta,D:\Voice Authetication ESPNET\datasetvox\vox1_indian\content\vox_indian\id10943\00001_18.wav,Om_Puri,9.453553199768066,0
Preity_Zinta,D:\Voice Authetication ESPNET\datasetvox\vox1_indian\content\vox_indian\id10943\00007_6.wav,Sonam_Kapoor,6.923537731170654,0
Preity_Zinta,D:\Voice Authetication ESPNET\datasetvox\vox1_indian\content\vox_indian\id10943\00001_2.wav,Pooja_Kumar,7.480940818786621,0
Preity_Zinta,D:\Voice Authetication ESPNET\datasetvox\vox1_indian\content\vox_indian\id10943\00021.wav,Shahid_Kapoor,9.548471450805664,0
Preity_Zinta,D:\Voice Authetication ESPNET\datasetvox\vox1_indian\content\vox_indian\id10943\00002_7.wav,Kanagana_Ranaut,7.4030656814575195,0
Preity_Zinta,D:\Voice Authetication ESPNET\datasetvox\vox1_indian\content\vox_indian\id10943\00013_4.wav,Shahid_Kapoor,6.494633674621582,0
Preity_Zinta,D:\Voice Authetication ESPNET\datasetvox\vox1_indian\content\vox_indian\id10943\00013_7.wav,Parineeti_Chopra,11.150104522705078,0
Preity_Zinta,D:\Voice Authetication ESPNET\datasetvox\vox1_indian\content\vox_indian\id10943\00005_5.wav,Shraddha_Kapoor,8.714168548583984,0
Preity_Zinta,D:\Voice Authetication ESPNET\datasetvox\vox1_indian\content\vox_indian\id10943\00013.wav,Shahid_Kapoor,7.735137939453125,0
Preity_Zinta,D:\Voice Authetication ESPNET\datasetvox\vox1_indian\content\vox_indian\id10943\00007_5.wav,Kanagana_Ranaut,6.50186824798584,0
Preity_Zinta,D:\Voice Authetication ESPNET\datasetvox\vox1_indian\content\vox_indian\id10943\00001_21.wav,Pooja_Kumar,10.192435264587402,0
Preity_Zinta,D:\Voice Authetication ESPNET\datasetvox\vox1_indian\content\vox_indian\id10943\00031_4.wav,Sonam_Kapoor,9.605277061462402,0
Preity_Zinta,D:\Voice Authetication ESPNET\datasetvox\vox1_indian\content\vox_indian\id10943\00041.wav,Amitabh Bachchan,10.298166275024414,0
Preity_Zinta,D:\Voice Authetication ESPNET\datasetvox\vox1_indian\content\vox_indian\id10943\00024_2.wav,Pooja_Kumar,7.359464645385742,0
Preity_Zinta,D:\Voice Authetication ESPNET\datasetvox\vox1_indian\content\vox_indian\id10943\00012_5.wav,Randeep_Hooda,7.051590919494629,0
Preity_Zinta,D:\Voice Authetication ESPNET\datasetvox\vox1_indian\content\vox_indian\id10943\00037.wav,Pooja_Kumar,9.33260726928711,0
Preity_Zinta,D:\Voice Authetication ESPNET\datasetvox\vox1_indian\content\vox_indian\id10943\00001_12.wav,Om_Puri,7.9541215896606445,0
Preity_Zinta,D:\Voice Authetication ESPNET\datasetvox\vox1_indian\content\vox_indian\id10943\00025_3.wav,John_Abraham,8.091333389282227,0
Preity_Zinta,D:\Voice Authetication ESPNET\datasetvox\vox1_indian\content\vox_indian\id10943\00001_8.wav,Randeep_Hooda,8.818540573120117,0
Preity_Zinta,D:\Voice Authetication ESPNET\datasetvox\vox1_indian\content\vox_indian\id10943\00017_5.wav,Randeep_Hooda,8.082399368286133,0
Ranbir_Kapoor,D:\Voice Authetication ESPNET\datasetvox\vox1_indian\content\vox_indian\id10955\00010_5.wav,Suraj_Sharma,8.058728218078613,0
Ranbir_Kapoor,D:\Voice Authetication ESPNET\datasetvox\vox1_indian\content\vox_indian\id10955\00010_8.wav,Ranbir_Kapoor,7.2777419090271,1
Ranbir_Kapoor,D:\Voice Authetication ESPNET\datasetvox\vox1_indian\content\vox_indian\id10955\00001_12.wav,Ranbir_Kapoor,7.236346244812012,1
Ranbir_Kapoor,D:\Voice Authetication ESPNET\datasetvox\vox1_indian\content\vox_indian\id10955\00010_4.wav,Shahid_Kapoor,6.532093524932861,0
Ranbir_Kapoor,D:\Voice Authetication ESPNET\datasetvox\vox1_indian\content\vox_indian\id10955\00007_9.wav,Ranbir_Kapoor,6.819568634033203,1
Ranbir_Kapoor,D:\Voice Authetication ESPNET\datasetvox\vox1_indian\content\vox_indian\id10955\00001_1.wav,Ranbir_Kapoor,5.881157398223877,1
Ranbir_Kapoor,D:\Voice Authetication ESPNET\datasetvox\vox1_indian\content\vox_indian\id10955\00021_3.wav,Aamir_Khan,9.38147258758545,0
Ranbir_Kapoor,D:\Voice Authetication ESPNET\datasetvox\vox1_indian\content\vox_indian\id10955\00016.wav,Shahid_Kapoor,8.499979972839355,0
Ranbir_Kapoor,D:\Voice Authetication ESPNET\datasetvox\vox1_indian\content\vox_indian\id10955\00011_8.wav,Shahid_Kapoor,8.367387771606445,0
Ranbir_Kapoor,D:\Voice Authetication ESPNET\datasetvox\vox1_indian\content\vox_indian\id10955\00006_10.wav,Ranbir_Kapoor,6.595995903015137,1
Ranbir_Kapoor,D:\Voice Authetication ESPNET\datasetvox\vox1_indian\content\vox_indian\id10955\00007_10.wav,Ranbir_Kapoor,7.143557071685791,1
Ranbir_Kapoor,D:\Voice Authetication ESPNET\datasetvox\vox1_indian\content\vox_indian\id10955\00003_8.wav,Om_Puri,8.518818855285645,0
Ranbir_Kapoor,D:\Voice Authetication ESPNET\datasetvox\vox1_indian\content\vox_indian\id10955\00014_3.wav,Ranbir_Kapoor,6.937315940856934,1
Ranbir_Kapoor,D:\Voice Authetication ESPNET\datasetvox\vox1_indian\content\vox_indian\id10955\00005_2.wav,Ranbir_Kapoor,8.83740234375,1
Ranbir_Kapoor,D:\Voice Authetication ESPNET\datasetvox\vox1_indian\content\vox_indian\id10955\00016_5.wav,Ranbir_Kapoor,11.753034591674805,1
Ranbir_Kapoor,D:\Voice Authetication ESPNET\datasetvox\vox1_indian\content\vox_indian\id10955\00003_1.wav,Shahid_Kapoor,6.68246603012085,0
Ranbir_Kapoor,D:\Voice Authetication ESPNET\datasetvox\vox1_indian\content\vox_indian\id10955\00031.wav,Shahid_Kapoor,8.45871353149414,0
Ranbir_Kapoor,D:\Voice Authetication ESPNET\datasetvox\vox1_indian\content\vox_indian\id10955\00002_12.wav,Naseerudhin_Shah,9.405261993408203,0
Ranbir_Kapoor,D:\Voice Authetication ESPNET\datasetvox\vox1_indian\content\vox_indian\id10955\00006_2.wav,Naseerudhin_Shah,9.47822093963623,0
Ranbir_Kapoor,D:\Voice Authetication ESPNET\datasetvox\vox1_indian\content\vox_indian\id10955\00002_16.wav,Ranbir_Kapoor,8.590154647827148,1
Ranbir_Kapoor,D:\Voice Authetication ESPNET\datasetvox\vox1_indian\content\vox_indian\id10955\00022_1.wav,Aamir_Khan,8.474138259887695,0
Ranbir_Kapoor,D:\Voice Authetication ESPNET\datasetvox\vox1_indian\content\vox_indian\id10955\00002_17.wav,Ranbir_Kapoor,8.683573722839355,1
Ranbir_Kapoor,D:\Voice Authetication ESPNET\datasetvox\vox1_indian\content\vox_indian\id10955\00002_14.wav,Randeep_Hooda,6.042149066925049,0
Ranbir_Kapoor,D:\Voice Authetication ESPNET\datasetvox\vox1_indian\content\vox_indian\id10955\00006_3.wav,Ranbir_Kapoor,7.082167148590088,1
Ranbir_Kapoor,D:\Voice Authetication ESPNET\datasetvox\vox1_indian\content\vox_indian\id10955\00010_2.wav,Ranbir_Kapoor,7.934205532073975,1
Ranbir_Kapoor,D:\Voice Authetication ESPNET\datasetvox\vox1_indian\content\vox_indian\id10955\00018_3.wav,Om_Puri,8.875650405883789,0
Ranbir_Kapoor,D:\Voice Authetication ESPNET\datasetvox\vox1_indian\content\vox_indian\id10955\00016_2.wav,Aamir_Khan,8.878837585449219,0
Ranbir_Kapoor,D:\Voice Authetication ESPNET\datasetvox\vox1_indian\content\vox_indian\id10955\00028.wav,Ranbir_Kapoor,7.615852355957031,1
Ranbir_Kapoor,D:\Voice Authetication ESPNET\datasetvox\vox1_indian\content\vox_indian\id10955\00003_10.wav,Ranbir_Kapoor,8.848249435424805,1
Ranbir_Kapoor,D:\Voice Authetication ESPNET\datasetvox\vox1_indian\content\vox_indian\id10955\00006_5.wav,Ranbir_Kapoor,8.955573081970215,1
Ranbir_Kapoor,D:\Voice Authetication ESPNET\datasetvox\vox1_indian\content\vox_indian\id10955\00020.wav,Ranbir_Kapoor,8.361079216003418,1
Ranbir_Kapoor,D:\Voice Authetication ESPNET\datasetvox\vox1_indian\content\vox_indian\id10955\00015.wav,Ranbir_Kapoor,7.869144916534424,1
Ranbir_Kapoor,D:\Voice Authetication ESPNET\datasetvox\vox1_indian\content\vox_indian\id10955\00009_2.wav,Ranbir_Kapoor,7.848524570465088,1
Ranbir_Kapoor,D:\Voice Authetication ESPNET\datasetvox\vox1_indian\content\vox_indian\id10955\00003_15.wav,Shahid_Kapoor,7.233224391937256,0
Ranbir_Kapoor,D:\Voice Authetication ESPNET\datasetvox\vox1_indian\content\vox_indian\id10955\00010_7.wav,Ranbir_Kapoor,7.751200199127197,1
Ranbir_Kapoor,D:\Voice Authetication ESPNET\datasetvox\vox1_indian\content\vox_indian\id10955\00002_4.wav,Ranbir_Kapoor,7.5305280685424805,1
Ranbir_Kapoor,D:\Voice Authetication ESPNET\datasetvox\vox1_indian\content\vox_indian\id10955\00015_4.wav,Om_Puri,9.599641799926758,0
Ranbir_Kapoor,D:\Voice Authetication ESPNET\datasetvox\vox1_indian\content\vox_indian\id10955\00017_1.wav,Ranbir_Kapoor,7.783750057220459,1
Ranbir_Kapoor,D:\Voice Authetication ESPNET\datasetvox\vox1_indian\content\vox_indian\id10955\00024.wav,Ranbir_Kapoor,8.514228820800781,1
Ranbir_Kapoor,D:\Voice Authetication ESPNET\datasetvox\vox1_indian\content\vox_indian\id10955\00001_15.wav,Om_Puri,9.62357234954834,0
Ranbir_Kapoor,D:\Voice Authetication ESPNET\datasetvox\vox1_indian\content\vox_indian\id10955\00021_1.wav,Ranbir_Kapoor,9.85254192352295,1
Ranbir_Kapoor,D:\Voice Authetication ESPNET\datasetvox\vox1_indian\content\vox_indian\id10955\00006_6.wav,Shahid_Kapoor,6.325181007385254,0
Ranbir_Kapoor,D:\Voice Authetication ESPNET\datasetvox\vox1_indian\content\vox_indian\id10955\00001_20.wav,Ranbir_Kapoor,6.548168182373047,1
Ranbir_Kapoor,D:\Voice Authetication ESPNET\datasetvox\vox1_indian\content\vox_indian\id10955\00028_1.wav,Irfan_Khan,10.774689674377441,0
Ranbir_Kapoor,D:\Voice Authetication ESPNET\datasetvox\vox1_indian\content\vox_indian\id10955\00005_12.wav,Ranbir_Kapoor,7.7923970222473145,1
Randeep_Hooda,D:\Voice Authetication ESPNET\datasetvox\vox1_indian\content\vox_indian\id10956\00005_9.wav,Shahid_Kapoor,8.04364013671875,0
Randeep_Hooda,D:\Voice Authetication ESPNET\datasetvox\vox1_indian\content\vox_indian\id10956\00010_4.wav,Shahid_Kapoor,6.825407981872559,0
Randeep_Hooda,D:\Voice Authetication ESPNET\datasetvox\vox1_indian\content\vox_indian\id10956\00016_3.wav,Aamir_Khan,7.4590582847595215,0
Randeep_Hooda,D:\Voice Authetication ESPNET\datasetvox\vox1_indian\content\vox_indian\id10956\00016_2.wav,Shahid_Kapoor,7.8526835441589355,0
Randeep_Hooda,D:\Voice Authetication ESPNET\datasetvox\vox1_indian\content\vox_indian\id10956\00013_3.wav,Shahid_Kapoor,8.977516174316406,0
Randeep_Hooda,D:\Voice Authetication ESPNET\datasetvox\vox1_indian\content\vox_indian\id10956\00004_13.wav,Naseerudhin_Shah,7.535563945770264,0
Randeep_Hooda,D:\Voice Authetication ESPNET\datasetvox\vox1_indian\content\vox_indian\id10956\00011_7.wav,Randeep_Hooda,8.1676025390625,1
Randeep_Hooda,D:\Voice Authetication ESPNET\datasetvox\vox1_indian\content\vox_indian\id10956\00002.wav,Shahid_Kapoor,9.097040176391602,0
Randeep_Hooda,D:\Voice Authetication ESPNET\datasetvox\vox1_indian\content\vox_indian\id10956\00015.wav,Om_Puri,8.822861671447754,0
Randeep_Hooda,D:\Voice Authetication ESPNET\datasetvox\vox1_indian\content\vox_indian\id10956\00009_1.wav,Randeep_Hooda,10.73120403289795,1
Randeep_Hooda,D:\Voice Authetication ESPNET\datasetvox\vox1_indian\content\vox_indian\id10956\00007_7.wav,Shahid_Kapoor,8.566859245300293,0
Randeep_Hooda,D:\Voice Authetication ESPNET\datasetvox\vox1_indian\content\vox_indian\id10956\00009_2.wav,Om_Puri,8.684160232543945,0
Randeep_Hooda,D:\Voice Authetication ESPNET\datasetvox\vox1_indian\content\vox_indian\id10956\00002_14.wav,Shahid_Kapoor,7.9420084953308105,0
Randeep_Hooda,D:\Voice Authetication ESPNET\datasetvox\vox1_indian\content\vox_indian\id10956\00021_2.wav,Shahid_Kapoor,8.331608772277832,0
Randeep_Hooda,D:\Voice Authetication ESPNET\datasetvox\vox1_indian\content\vox_indian\id10956\00016_4.wav,Shahid_Kapoor,7.71627140045166,0
Randeep_Hooda,D:\Voice Authetication ESPNET\datasetvox\vox1_indian\content\vox_indian\id10956\00001_19.wav,Randeep_Hooda,10.4331636428833,1
Randeep_Hooda,D:\Voice Authetication ESPNET\datasetvox\vox1_indian\content\vox_indian\id10956\00002_16.wav,Naseerudhin_Shah,9.199369430541992,0
Randeep_Hooda,D:\Voice Authetication ESPNET\datasetvox\vox1_indian\content\vox_indian\id10956\00004_14.wav,Randeep_Hooda,6.630298614501953,1
Randeep_Hooda,D:\Voice Authetication ESPNET\datasetvox\vox1_indian\content\vox_indian\id10956\00001_14.wav,Randeep_Hooda,9.5211820602417,1
Randeep_Hooda,D:\Voice Authetication ESPNET\datasetvox\vox1_indian\content\vox_indian\id10956\00022.wav,Om_Puri,8.140719413757324,0
Randeep_Hooda,D:\Voice Authetication ESPNET\datasetvox\vox1_indian\content\vox_indian\id10956\00009_3.wav,Om_Puri,8.182295799255371,0
Randeep_Hooda,D:\Voice Authetication ESPNET\datasetvox\vox1_indian\content\vox_indian\id10956\00003_10.wav,Shahid_Kapoor,6.865079879760742,0
Randeep_Hooda,D:\Voice Authetication ESPNET\datasetvox\vox1_indian\content\vox_indian\id10956\00008_1.wav,Randeep_Hooda,10.089319229125977,1
Randeep_Hooda,D:\Voice Authetication ESPNET\datasetvox\vox1_indian\content\vox_indian\id10956\00006.wav,Shahid_Kapoor,9.239545822143555,0
Randeep_Hooda,D:\Voice Authetication ESPNET\datasetvox\vox1_indian\content\vox_indian\id10956\00026_1.wav,Shahid_Kapoor,6.645566463470459,0
Randeep_Hooda,D:\Voice Authetication ESPNET\datasetvox\vox1_indian\content\vox_indian\id10956\00001_18.wav,Shahid_Kapoor,8.694367408752441,0
Randeep_Hooda,D:\Voice Authetication ESPNET\datasetvox\vox1_indian\content\vox_indian\id10956\00011_2.wav,Akshay_Kumar,12.628068923950195,0
Randeep_Hooda,D:\Voice Authetication ESPNET\datasetvox\vox1_indian\content\vox_indian\id10956\00001_15.wav,Shahid_Kapoor,10.220800399780273,0
Randeep_Hooda,D:\Voice Authetication ESPNET\datasetvox\vox1_indian\content\vox_indian\id10956\00020.wav,Om_Puri,11.338475227355957,0
Randeep_Hooda,D:\Voice Authetication ESPNET\datasetvox\vox1_indian\content\vox_indian\id10956\00014_5.wav,John_Abraham,8.640578269958496,0
Randeep_Hooda,D:\Voice Authetication ESPNET\datasetvox\vox1_indian\content\vox_indian\id10956\00032.wav,Ranbir_Kapoor,9.185199737548828,0
Randeep_Hooda,D:\Voice Authetication ESPNET\datasetvox\vox1_indian\content\vox_indian\id10956\00006_9.wav,Naseerudhin_Shah,9.048532485961914,0
Randeep_Hooda,D:\Voice Authetication ESPNET\datasetvox\vox1_indian\content\vox_indian\id10956\00034.wav,Shahid_Kapoor,8.767597198486328,0
Randeep_Hooda,D:\Voice Authetication ESPNET\datasetvox\vox1_indian\content\vox_indian\id10956\00030.wav,Shahid_Kapoor,7.739654541015625,0
Randeep_Hooda,D:\Voice Authetication ESPNET\datasetvox\vox1_indian\content\vox_indian\id10956\00001_2.wav,Suraj_Sharma,7.710521221160889,0
Randeep_Hooda,D:\Voice Authetication ESPNET\datasetvox\vox1_indian\content\vox_indian\id10956\00001_16.wav,Naseerudhin_Shah,9.7244291305542,0
Randeep_Hooda,D:\Voice Authetication ESPNET\datasetvox\vox1_indian\content\vox_indian\id10956\00002_4.wav,Ranbir_Kapoor,8.411186218261719,0
Randeep_Hooda,D:\Voice Authetication ESPNET\datasetvox\vox1_indian\content\vox_indian\id10956\00017.wav,Om_Puri,9.741496086120605,0
Randeep_Hooda,D:\Voice Authetication ESPNET\datasetvox\vox1_indian\content\vox_indian\id10956\00001_3.wav,Randeep_Hooda,7.862717628479004,1
Randeep_Hooda,D:\Voice Authetication ESPNET\datasetvox\vox1_indian\content\vox_indian\id10956\00019_2.wav,A.R.Rahman,7.917461395263672,0
Randeep_Hooda,D:\Voice Authetication ESPNET\datasetvox\vox1_indian\content\vox_indian\id10956\00005_4.wav,Shahid_Kapoor,11.434563636779785,0
Randeep_Hooda,D:\Voice Authetication ESPNET\datasetvox\vox1_indian\content\vox_indian\id10956\00013_6.wav,Randeep_Hooda,6.884005546569824,1
Randeep_Hooda,D:\Voice Authetication ESPNET\datasetvox\vox1_indian\content\vox_indian\id10956\00001_12.wav,Shahid_Kapoor,8.797503471374512,0
Randeep_Hooda,D:\Voice Authetication ESPNET\datasetvox\vox1_indian\content\vox_indian\id10956\00013_1.wav,Om_Puri,9.513402938842773,0
Randeep_Hooda,D:\Voice Authetication ESPNET\datasetvox\vox1_indian\content\vox_indian\id10956\00008_4.wav,Shahid_Kapoor,8.104178428649902,0
Shahid_Kapoor,D:\Voice Authetication ESPNET\datasetvox\vox1_indian\content\vox_indian\id11071\00007_3.wav,Shahid_Kapoor,10.052972793579102,1
Shahid_Kapoor,D:\Voice Authetication ESPNET\datasetvox\vox1_indian\content\vox_indian\id11071\00004_6.wav,Shahid_Kapoor,9.469793319702148,1
Shahid_Kapoor,D:\Voice Authetication ESPNET\datasetvox\vox1_indian\content\vox_indian\id11071\00001_8.wav,Shahid_Kapoor,7.715562343597412,1
Shahid_Kapoor,D:\Voice Authetication ESPNET\datasetvox\vox1_indian\content\vox_indian\id11071\00015.wav,Shahid_Kapoor,8.878155708312988,1
Shahid_Kapoor,D:\Voice Authetication ESPNET\datasetvox\vox1_indian\content\vox_indian\id11071\00007.wav,Shahid_Kapoor,8.035774230957031,1
Shahid_Kapoor,D:\Voice Authetication ESPNET\datasetvox\vox1_indian\content\vox_indian\id11071\00006_3.wav,Shahid_Kapoor,7.826211929321289,1
Shahid_Kapoor,D:\Voice Authetication ESPNET\datasetvox\vox1_indian\content\vox_indian\id11071\00011_1.wav,Shahid_Kapoor,8.26138973236084,1
Shahid_Kapoor,D:\Voice Authetication ESPNET\datasetvox\vox1_indian\content\vox_indian\id11071\00016.wav,Shahid_Kapoor,8.510409355163574,1
Shahid_Kapoor,D:\Voice Authetication ESPNET\datasetvox\vox1_indian\content\vox_indian\id11071\00005_8.wav,Shahid_Kapoor,7.196304798126221,1
Shahid_Kapoor,D:\Voice Authetication ESPNET\datasetvox\vox1_indian\content\vox_indian\id11071\00002_5.wav,Ranbir_Kapoor,7.845168113708496,0
Shahid_Kapoor,D:\Voice Authetication ESPNET\datasetvox\vox1_indian\content\vox_indian\id11071\00006_1.wav,Shahid_Kapoor,7.860238075256348,1
Shahid_Kapoor,D:\Voice Authetication ESPNET\datasetvox\vox1_indian\content\vox_indian\id11071\00002_2.wav,Shahid_Kapoor,8.083329200744629,1
Shahid_Kapoor,D:\Voice Authetication ESPNET\datasetvox\vox1_indian\content\vox_indian\id11071\00012_1.wav,Shahid_Kapoor,6.102955341339111,1
Shahid_Kapoor,D:\Voice Authetication ESPNET\datasetvox\vox1_indian\content\vox_indian\id11071\00006.wav,Shahid_Kapoor,7.276419162750244,1
Shahid_Kapoor,D:\Voice Authetication ESPNET\datasetvox\vox1_indian\content\vox_indian\id11071\00009.wav,Shahid_Kapoor,7.60819673538208,1
Shahid_Kapoor,D:\Voice Authetication ESPNET\datasetvox\vox1_indian\content\vox_indian\id11071\00009_2.wav,Shahid_Kapoor,8.561269760131836,1
Shahid_Kapoor,D:\Voice Authetication ESPNET\datasetvox\vox1_indian\content\vox_indian\id11071\00003_4.wav,John_Abraham,8.27839469909668,0
Shahid_Kapoor,D:\Voice Authetication ESPNET\datasetvox\vox1_indian\content\vox_indian\id11071\00001_14.wav,John_Abraham,8.103320121765137,0
Shahid_Kapoor,D:\Voice Authetication ESPNET\datasetvox\vox1_indian\content\vox_indian\id11071\00012.wav,Shahid_Kapoor,8.295266151428223,1
Shahid_Kapoor,D:\Voice Authetication ESPNET\datasetvox\vox1_indian\content\vox_indian\id11071\00019.wav,Amitabh Bachchan,12.679713249206543,0
Shahid_Kapoor,D:\Voice Authetication ESPNET\datasetvox\vox1_indian\content\vox_indian\id11071\00001_15.wav,Shahid_Kapoor,6.956448554992676,1
Shahid_Kapoor,D:\Voice Authetication ESPNET\datasetvox\vox1_indian\content\vox_indian\id11071\00009_3.wav,Om_Puri,9.724345207214355,0
Shahid_Kapoor,D:\Voice Authetication ESPNET\datasetvox\vox1_indian\content\vox_indian\id11071\00003_8.wav,Shahid_Kapoor,6.501214504241943,1
Shahid_Kapoor,D:\Voice Authetication ESPNET\datasetvox\vox1_indian\content\vox_indian\id11071\00023.wav,Shahid_Kapoor,11.084333419799805,1
Shahid_Kapoor,D:\Voice Authetication ESPNET\datasetvox\vox1_indian\content\vox_indian\id11071\00002_4.wav,Shahid_Kapoor,6.556168556213379,1
Shahid_Kapoor,D:\Voice Authetication ESPNET\datasetvox\vox1_indian\content\vox_indian\id11071\00013.wav,Shahid_Kapoor,10.048245429992676,1
Shahid_Kapoor,D:\Voice Authetication ESPNET\datasetvox\vox1_indian\content\vox_indian\id11071\00008_2.wav,Shahid_Kapoor,6.7130045890808105,1
Shahid_Kapoor,D:\Voice Authetication ESPNET\datasetvox\vox1_indian\content\vox_indian\id11071\00020.wav,Shahid_Kapoor,7.731207370758057,1
Shahid_Kapoor,D:\Voice Authetication ESPNET\datasetvox\vox1_indian\content\vox_indian\id11071\00007_6.wav,Suraj_Sharma,8.311958312988281,0
Shahid_Kapoor,D:\Voice Authetication ESPNET\datasetvox\vox1_indian\content\vox_indian\id11071\00002_12.wav,John_Abraham,9.751749992370605,0
Shahid_Kapoor,D:\Voice Authetication ESPNET\datasetvox\vox1_indian\content\vox_indian\id11071\00008_1.wav,Shahid_Kapoor,9.892267227172852,1
Shahid_Kapoor,D:\Voice Authetication ESPNET\datasetvox\vox1_indian\content\vox_indian\id11071\00002_10.wav,Irfan_Khan,8.222050666809082,0
Shahid_Kapoor,D:\Voice Authetication ESPNET\datasetvox\vox1_indian\content\vox_indian\id11071\00007_5.wav,Randeep_Hooda,7.382554054260254,0
Shahid_Kapoor,D:\Voice Authetication ESPNET\datasetvox\vox1_indian\content\vox_indian\id11071\00005.wav,Shahid_Kapoor,9.17193603515625,1
Shahid_Kapoor,D:\Voice Authetication ESPNET\datasetvox\vox1_indian\content\vox_indian\id11071\00006_6.wav,Shahid_Kapoor,8.776156425476074,1
Shahid_Kapoor,D:\Voice Authetication ESPNET\datasetvox\vox1_indian\content\vox_indian\id11071\00003_2.wav,Shahid_Kapoor,6.050290584564209,1
Shahid_Kapoor,D:\Voice Authetication ESPNET\datasetvox\vox1_indian\content\vox_indian\id11071\00001_12.wav,Shahid_Kapoor,8.096702575683594,1
Shahid_Kapoor,D:\Voice Authetication ESPNET\datasetvox\vox1_indian\content\vox_indian\id11071\00004_3.wav,Shahid_Kapoor,6.9846367835998535,1
Shahid_Kapoor,D:\Voice Authetication ESPNET\datasetvox\vox1_indian\content\vox_indian\id11071\00001_7.wav,Pooja_Kumar,8.839868545532227,0
Shahid_Kapoor,D:\Voice Authetication ESPNET\datasetvox\vox1_indian\content\vox_indian\id11071\00006_4.wav,Shahid_Kapoor,6.760345458984375,1
Shahid_Kapoor,D:\Voice Authetication ESPNET\datasetvox\vox1_indian\content\vox_indian\id11071\00001_3.wav,Shahid_Kapoor,8.3943510055542,1
Shahid_Kapoor,D:\Voice Authetication ESPNET\datasetvox\vox1_indian\content\vox_indian\id11071\00006_2.wav,Shahid_Kapoor,7.158300399780273,1
Shahid_Kapoor,D:\Voice Authetication ESPNET\datasetvox\vox1_indian\content\vox_indian\id11071\00013_1.wav,Shahid_Kapoor,9.413352012634277,1
Shahid_Kapoor,D:\Voice Authetication ESPNET\datasetvox\vox1_indian\content\vox_indian\id11071\00001_17.wav,Shahid_Kapoor,7.751708507537842,1
Shahid_Kapoor,D:\Voice Authetication ESPNET\datasetvox\vox1_indian\content\vox_indian\id11071\00002_1.wav,Ranbir_Kapoor,9.37795639038086,0
Shraddha_Kapoor,D:\Voice Authetication ESPNET\datasetvox\vox1_indian\content\vox_indian\id11089\00010_1.wav,Tabu,9.478692054748535,0
Shraddha_Kapoor,D:\Voice Authetication ESPNET\datasetvox\vox1_indian\content\vox_indian\id11089\00006_3.wav,Randeep_Hooda,7.630023956298828,0
Shraddha_Kapoor,D:\Voice Authetication ESPNET\datasetvox\vox1_indian\content\vox_indian\id11089\00001_28.wav,Suraj_Sharma,7.4788618087768555,0
Shraddha_Kapoor,D:\Voice Authetication ESPNET\datasetvox\vox1_indian\content\vox_indian\id11089\00003.wav,Shraddha_Kapoor,9.381518363952637,1
Shraddha_Kapoor,D:\Voice Authetication ESPNET\datasetvox\vox1_indian\content\vox_indian\id11089\00006_2.wav,Om_Puri,8.986620903015137,0
Shraddha_Kapoor,D:\Voice Authetication ESPNET\datasetvox\vox1_indian\content\vox_indian\id11089\00007.wav,Shraddha_Kapoor,8.401986122131348,1
Shraddha_Kapoor,D:\Voice Authetication ESPNET\datasetvox\vox1_indian\content\vox_indian\id11089\00035.wav,Akshay_Kumar,7.964718818664551,0
Shraddha_Kapoor,D:\Voice Authetication ESPNET\datasetvox\vox1_indian\content\vox_indian\id11089\00007_1.wav,Sonam_Kapoor,9.477483749389648,0
Shraddha_Kapoor,D:\Voice Authetication ESPNET\datasetvox\vox1_indian\content\vox_indian\id11089\00003_8.wav,John_Abraham,10.200765609741211,0
Shraddha_Kapoor,D:\Voice Authetication ESPNET\datasetvox\vox1_indian\content\vox_indian\id11089\00002_18.wav,Shraddha_Kapoor,7.369083881378174,1
Shraddha_Kapoor,D:\Voice Authetication ESPNET\datasetvox\vox1_indian\content\vox_indian\id11089\00036.wav,Randeep_Hooda,9.98440170288086,0
Shraddha_Kapoor,D:\Voice Authetication ESPNET\datasetvox\vox1_indian\content\vox_indian\id11089\00003_16.wav,Suraj_Sharma,7.5053629875183105,0
Shraddha_Kapoor,D:\Voice Authetication ESPNET\datasetvox\vox1_indian\content\vox_indian\id11089\00001_13.wav,Kanagana_Ranaut,8.183791160583496,0
Shraddha_Kapoor,D:\Voice Authetication ESPNET\datasetvox\vox1_indian\content\vox_indian\id11089\00023.wav,Tabu,8.794419288635254,0
Shraddha_Kapoor,D:\Voice Authetication ESPNET\datasetvox\vox1_indian\content\vox_indian\id11089\00009_3.wav,Akshay_Kumar,7.664402484893799,0
Shraddha_Kapoor,D:\Voice Authetication ESPNET\datasetvox\vox1_indian\content\vox_indian\id11089\00001_25.wav,Mallika_Sherawat,8.34400749206543,0
Shraddha_Kapoor,D:\Voice Authetication ESPNET\datasetvox\vox1_indian\content\vox_indian\id11089\00001_9.wav,Shraddha_Kapoor,7.668525695800781,1
Shraddha_Kapoor,D:\Voice Authetication ESPNET\datasetvox\vox1_indian\content\vox_indian\id11089\00004_13.wav,Shraddha_Kapoor,8.297087669372559,1
Shraddha_Kapoor,D:\Voice Authetication ESPNET\datasetvox\vox1_indian\content\vox_indian\id11089\00010.wav,Sonam_Kapoor,9.430534362792969,0
Shraddha_Kapoor,D:\Voice Authetication ESPNET\datasetvox\vox1_indian\content\vox_indian\id11089\00006_10.wav,Akshay_Kumar,7.129820823669434,0
Shraddha_Kapoor,D:\Voice Authetication ESPNET\datasetvox\vox1_indian\content\vox_indian\id11089\00005_11.wav,Akshay_Kumar,10.670426368713379,0
Shraddha_Kapoor,D:\Voice Authetication ESPNET\datasetvox\vox1_indian\content\vox_indian\id11089\00006_8.wav,Tabu,8.892988204956055,0
Shraddha_Kapoor,D:\Voice Authetication ESPNET\datasetvox\vox1_indian\content\vox_indian\id11089\00001_15.wav,Kanagana_Ranaut,9.364782333374023,0
Shraddha_Kapoor,D:\Voice Authetication ESPNET\datasetvox\vox1_indian\content\vox_indian\id11089\00014_1.wav,Sonam_Kapoor,7.401453018188477,0
Shraddha_Kapoor,D:\Voice Authetication ESPNET\datasetvox\vox1_indian\content\vox_indian\id11089\00002_10.wav,Shraddha_Kapoor,10.350641250610352,1
Shraddha_Kapoor,D:\Voice Authetication ESPNET\datasetvox\vox1_indian\content\vox_indian\id11089\00001_2.wav,Tabu,9.036694526672363,0
Shraddha_Kapoor,D:\Voice Authetication ESPNET\datasetvox\vox1_indian\content\vox_indian\id11089\00003_9.wav,Parineeti_Chopra,11.539517402648926,0
Shraddha_Kapoor,D:\Voice Authetication ESPNET\datasetvox\vox1_indian\content\vox_indian\id11089\00010_2.wav,Shraddha_Kapoor,9.81505298614502,1
Shraddha_Kapoor,D:\Voice Authetication ESPNET\datasetvox\vox1_indian\content\vox_indian\id11089\00006_1.wav,Aamir_Khan,9.56657886505127,0
Shraddha_Kapoor,D:\Voice Authetication ESPNET\datasetvox\vox1_indian\content\vox_indian\id11089\00002_16.wav,Shraddha_Kapoor,8.840617179870605,1
Shraddha_Kapoor,D:\Voice Authetication ESPNET\datasetvox\vox1_indian\content\vox_indian\id11089\00004.wav,Sonam_Kapoor,7.799810886383057,0
Shraddha_Kapoor,D:\Voice Authetication ESPNET\datasetvox\vox1_indian\content\vox_indian\id11089\00038.wav,Tabu,9.552281379699707,0
Shraddha_Kapoor,D:\Voice Authetication ESPNET\datasetvox\vox1_indian\content\vox_indian\id11089\00001_24.wav,Tabu,9.124134063720703,0
Shraddha_Kapoor,D:\Voice Authetication ESPNET\datasetvox\vox1_indian\content\vox_indian\id11089\00004_1.wav,Sonam_Kapoor,9.455663681030273,0
Shraddha_Kapoor,D:\Voice Authetication ESPNET\datasetvox\vox1_indian\content\vox_indian\id11089\00001_16.wav,Shraddha_Kapoor,9.173470497131348,1
Shraddha_Kapoor,D:\Voice Authetication ESPNET\datasetvox\vox1_indian\content\vox_indian\id11089\00030.wav,Shraddha_Kapoor,7.883439064025879,1
Shraddha_Kapoor,D:\Voice Authetication ESPNET\datasetvox\vox1_indian\content\vox_indian\id11089\00011_2.wav,Kanagana_Ranaut,7.3638153076171875,0
Shraddha_Kapoor,D:\Voice Authetication ESPNET\datasetvox\vox1_indian\content\vox_indian\id11089\00021.wav,Om_Puri,10.886412620544434,0
Shraddha_Kapoor,D:\Voice Authetication ESPNET\datasetvox\vox1_indian\content\vox_indian\id11089\00003_10.wav,Shahid_Kapoor,6.333522796630859,0
Shraddha_Kapoor,D:\Voice Authetication ESPNET\datasetvox\vox1_indian\content\vox_indian\id11089\00003_5.wav,Shraddha_Kapoor,8.441228866577148,1
Shraddha_Kapoor,D:\Voice Authetication ESPNET\datasetvox\vox1_indian\content\vox_indian\id11089\00002_14.wav,Shahid_Kapoor,6.5026326179504395,0
Shraddha_Kapoor,D:\Voice Authetication ESPNET\datasetvox\vox1_indian\content\vox_indian\id11089\00001_14.wav,Shraddha_Kapoor,8.492077827453613,1
Shraddha_Kapoor,D:\Voice Authetication ESPNET\datasetvox\vox1_indian\content\vox_indian\id11089\00005_10.wav,Shraddha_Kapoor,9.217118263244629,1
Shraddha_Kapoor,D:\Voice Authetication ESPNET\datasetvox\vox1_indian\content\vox_indian\id11089\00003_4.wav,Tabu,8.933572769165039,0
Shraddha_Kapoor,D:\Voice Authetication ESPNET\datasetvox\vox1_indian\content\vox_indian\id11089\00004_4.wav,Pooja_Kumar,9.9270658493042,0
Sonam_Kapoor,D:\Voice Authetication ESPNET\datasetvox\vox1_indian\content\vox_indian\id11100\00012_1.wav,Pooja_Kumar,8.655640602111816,0
Sonam_Kapoor,D:\Voice Authetication ESPNET\datasetvox\vox1_indian\content\vox_indian\id11100\00008_1.wav,Kanagana_Ranaut,7.521814823150635,0
Sonam_Kapoor,D:\Voice Authetication ESPNET\datasetvox\vox1_indian\content\vox_indian\id11100\00006_12.wav,Parineeti_Chopra,9.157588005065918,0
Sonam_Kapoor,D:\Voice Authetication ESPNET\datasetvox\vox1_indian\content\vox_indian\id11100\00003_1.wav,Shahid_Kapoor,8.303672790527344,0
Sonam_Kapoor,D:\Voice Authetication ESPNET\datasetvox\vox1_indian\content\vox_indian\id11100\00004_13.wav,Suraj_Sharma,8.395624160766602,0
Sonam_Kapoor,D:\Voice Authetication ESPNET\datasetvox\vox1_indian\content\vox_indian\id11100\00001_25.wav,Tabu,9.586155891418457,0
Sonam_Kapoor,D:\Voice Authetication ESPNET\datasetvox\vox1_indian\content\vox_indian\id11100\00003_13.wav,Pooja_Kumar,8.456698417663574,0
Sonam_Kapoor,D:\Voice Authetication ESPNET\datasetvox\vox1_indian\content\vox_indian\id11100\00016_1.wav,Shahid_Kapoor,8.221736907958984,0
Sonam_Kapoor,D:\Voice Authetication ESPNET\datasetvox\vox1_indian\content\vox_indian\id11100\00001_21.wav,Om_Puri,11.09455394744873,0
Sonam_Kapoor,D:\Voice Authetication ESPNET\datasetvox\vox1_indian\content\vox_indian\id11100\00010_3.wav,Pooja_Kumar,7.848177433013916,0
Sonam_Kapoor,D:\Voice Authetication ESPNET\datasetvox\vox1_indian\content\vox_indian\id11100\00006_10.wav,Suraj_Sharma,9.36667537689209,0
Sonam_Kapoor,D:\Voice Authetication ESPNET\datasetvox\vox1_indian\content\vox_indian\id11100\00007_13.wav,Randeep_Hooda,9.24707317352295,0
Sonam_Kapoor,D:\Voice Authetication ESPNET\datasetvox\vox1_indian\content\vox_indian\id11100\00001_12.wav,Sonam_Kapoor,8.907506942749023,1
Sonam_Kapoor,D:\Voice Authetication ESPNET\datasetvox\vox1_indian\content\vox_indian\id11100\00005_7.wav,Pooja_Kumar,8.319321632385254,0
Sonam_Kapoor,D:\Voice Authetication ESPNET\datasetvox\vox1_indian\content\vox_indian\id11100\00020_1.wav,Sonam_Kapoor,8.256635665893555,1
Sonam_Kapoor,D:\Voice Authetication ESPNET\datasetvox\vox1_indian\content\vox_indian\id11100\00008_8.wav,Freida_Pinto,8.783011436462402,0
Sonam_Kapoor,D:\Voice Authetication ESPNET\datasetvox\vox1_indian\content\vox_indian\id11100\00006_15.wav,Sonam_Kapoor,10.60081958770752,1
Sonam_Kapoor,D:\Voice Authetication ESPNET\datasetvox\vox1_indian\content\vox_indian\id11100\00026.wav,Sonam_Kapoor,8.464475631713867,1
Sonam_Kapoor,D:\Voice Authetication ESPNET\datasetvox\vox1_indian\content\vox_indian\id11100\00004_5.wav,Randeep_Hooda,9.74948787689209,0
Sonam_Kapoor,D:\Voice Authetication ESPNET\datasetvox\vox1_indian\content\vox_indian\id11100\00009_10.wav,Shahid_Kapoor,8.804705619812012,0
Sonam_Kapoor,D:\Voice Authetication ESPNET\datasetvox\vox1_indian\content\vox_indian\id11100\00010_5.wav,Pooja_Kumar,9.976670265197754,0
Sonam_Kapoor,D:\Voice Authetication ESPNET\datasetvox\vox1_indian\content\vox_indian\id11100\00004_7.wav,Pooja_Kumar,9.102479934692383,0
Sonam_Kapoor,D:\Voice Authetication ESPNET\datasetvox\vox1_indian\content\vox_indian\id11100\00011_3.wav,Shahid_Kapoor,13.845169067382812,0
Sonam_Kapoor,D:\Voice Authetication ESPNET\datasetvox\vox1_indian\content\vox_indian\id11100\00002_23.wav,Sonam_Kapoor,11.16922378540039,1
Sonam_Kapoor,D:\Voice Authetication ESPNET\datasetvox\vox1_indian\content\vox_indian\id11100\00007_4.wav,Shahid_Kapoor,7.629782199859619,0
Sonam_Kapoor,D:\Voice Authetication ESPNET\datasetvox\vox1_indian\content\vox_indian\id11100\00006_13.wav,Suraj_Sharma,9.467024803161621,0
Sonam_Kapoor,D:\Voice Authetication ESPNET\datasetvox\vox1_indian\content\vox_indian\id11100\00001_18.wav,Suraj_Sharma,8.907393455505371,0
Sonam_Kapoor,D:\Voice Authetication ESPNET\datasetvox\vox1_indian\content\vox_indian\id11100\00018_2.wav,Shahid_Kapoor,7.652324199676514,0
Sonam_Kapoor,D:\Voice Authetication ESPNET\datasetvox\vox1_indian\content\vox_indian\id11100\00025.wav,Sonam_Kapoor,9.167475700378418,1
Sonam_Kapoor,D:\Voice Authetication ESPNET\datasetvox\vox1_indian\content\vox_indian\id11100\00002_12.wav,Parineeti_Chopra,9.273275375366211,0
Sonam_Kapoor,D:\Voice Authetication ESPNET\datasetvox\vox1_indian\content\vox_indian\id11100\00006_11.wav,Suraj_Sharma,9.707112312316895,0
Sonam_Kapoor,D:\Voice Authetication ESPNET\datasetvox\vox1_indian\content\vox_indian\id11100\00005_12.wav,Freida_Pinto,13.062775611877441,0
Sonam_Kapoor,D:\Voice Authetication ESPNET\datasetvox\vox1_indian\content\vox_indian\id11100\00005_14.wav,Shraddha_Kapoor,10.107481002807617,0
Sonam_Kapoor,D:\Voice Authetication ESPNET\datasetvox\vox1_indian\content\vox_indian\id11100\00015.wav,Shahid_Kapoor,8.325607299804688,0
Sonam_Kapoor,D:\Voice Authetication ESPNET\datasetvox\vox1_indian\content\vox_indian\id11100\00015_2.wav,Sonam_Kapoor,6.707619667053223,1
Sonam_Kapoor,D:\Voice Authetication ESPNET\datasetvox\vox1_indian\content\vox_indian\id11100\00008_11.wav,Sonam_Kapoor,16.526439666748047,1
Sonam_Kapoor,D:\Voice Authetication ESPNET\datasetvox\vox1_indian\content\vox_indian\id11100\00007_10.wav,Suraj_Sharma,7.104090690612793,0
Sonam_Kapoor,D:\Voice Authetication ESPNET\datasetvox\vox1_indian\content\vox_indian\id11100\00004_9.wav,Shahid_Kapoor,8.156997680664062,0
Sonam_Kapoor,D:\Voice Authetication ESPNET\datasetvox\vox1_indian\content\vox_indian\id11100\00007.wav,Sonam_Kapoor,8.63248348236084,1
Sonam_Kapoor,D:\Voice Authetication ESPNET\datasetvox\vox1_indian\content\vox_indian\id11100\00006_14.wav,Tabu,12.011945724487305,0
Sonam_Kapoor,D:\Voice Authetication ESPNET\datasetvox\vox1_indian\content\vox_indian\id11100\00016_2.wav,Pooja_Kumar,8.064068794250488,0
Sonam_Kapoor,D:\Voice Authetication ESPNET\datasetvox\vox1_indian\content\vox_indian\id11100\00019_2.wav,Shahid_Kapoor,9.101813316345215,0
Sonam_Kapoor,D:\Voice Authetication ESPNET\datasetvox\vox1_indian\content\vox_indian\id11100\00004.wav,Shahid_Kapoor,6.484433174133301,0
Sonam_Kapoor,D:\Voice Authetication ESPNET\datasetvox\vox1_indian\content\vox_indian\id11100\00007_7.wav,Pooja_Kumar,8.453919410705566,0
Sonam_Kapoor,D:\Voice Authetication ESPNET\datasetvox\vox1_indian\content\vox_indian\id11100\00003_10.wav,Pooja_Kumar,10.626765251159668,0
Suraj_Sharma,D:\Voice Authetication ESPNET\datasetvox\vox1_indian\content\vox_indian\id11130\00016_3.wav,Pooja_Kumar,7.597513198852539,0
Suraj_Sharma,D:\Voice Authetication ESPNET\datasetvox\vox1_indian\content\vox_indian\id11130\00001_7.wav,Suraj_Sharma,8.931385040283203,1
Suraj_Sharma,D:\Voice Authetication ESPNET\datasetvox\vox1_indian\content\vox_indian\id11130\00003_14.wav,Pooja_Kumar,7.3613715171813965,0
Suraj_Sharma,D:\Voice Authetication ESPNET\datasetvox\vox1_indian\content\vox_indian\id11130\00002_1.wav,Aamir_Khan,7.934640407562256,0
Suraj_Sharma,D:\Voice Authetication ESPNET\datasetvox\vox1_indian\content\vox_indian\id11130\00001_20.wav,Randeep_Hooda,13.424423217773438,0
Suraj_Sharma,D:\Voice Authetication ESPNET\datasetvox\vox1_indian\content\vox_indian\id11130\00003_6.wav,Shahid_Kapoor,7.945001125335693,0
Suraj_Sharma,D:\Voice Authetication ESPNET\datasetvox\vox1_indian\content\vox_indian\id11130\00003_16.wav,Suraj_Sharma,8.93449592590332,1
Suraj_Sharma,D:\Voice Authetication ESPNET\datasetvox\vox1_indian\content\vox_indian\id11130\00010_3.wav,Suraj_Sharma,8.981236457824707,1
Suraj_Sharma,D:\Voice Authetication ESPNET\datasetvox\vox1_indian\content\vox_indian\id11130\00006_2.wav,Suraj_Sharma,8.168363571166992,1
Suraj_Sharma,D:\Voice Authetication ESPNET\datasetvox\vox1_indian\content\vox_indian\id11130\00013_5.wav,Akshay_Kumar,8.035224914550781,0
Suraj_Sharma,D:\Voice Authetication ESPNET\datasetvox\vox1_indian\content\vox_indian\id11130\00006_16.wav,Suraj_Sharma,8.269124031066895,1
Suraj_Sharma,D:\Voice Authetication ESPNET\datasetvox\vox1_indian\content\vox_indian\id11130\00006_14.wav,Suraj_Sharma,7.8873186111450195,1
Suraj_Sharma,D:\Voice Authetication ESPNET\datasetvox\vox1_indian\content\vox_indian\id11130\00016.wav,Suraj_Sharma,7.53542423248291,1
Suraj_Sharma,D:\Voice Authetication ESPNET\datasetvox\vox1_indian\content\vox_indian\id11130\00001_14.wav,Suraj_Sharma,8.078211784362793,1
Suraj_Sharma,D:\Voice Authetication ESPNET\datasetvox\vox1_indian\content\vox_indian\id11130\00025.wav,Shahid_Kapoor,9.035347938537598,0
Suraj_Sharma,D:\Voice Authetication ESPNET\datasetvox\vox1_indian\content\vox_indian\id11130\00004_19.wav,Shahid_Kapoor,8.939294815063477,0
Suraj_Sharma,D:\Voice Authetication ESPNET\datasetvox\vox1_indian\content\vox_indian\id11130\00008_8.wav,Suraj_Sharma,7.051641464233398,1
Suraj_Sharma,D:\Voice Authetication ESPNET\datasetvox\vox1_indian\content\vox_indian\id11130\00006.wav,Suraj_Sharma,7.042137622833252,1
Suraj_Sharma,D:\Voice Authetication ESPNET\datasetvox\vox1_indian\content\vox_indian\id11130\00014_2.wav,Freida_Pinto,10.20090389251709,0
Suraj_Sharma,D:\Voice Authetication ESPNET\datasetvox\vox1_indian\content\vox_indian\id11130\00004_15.wav,Suraj_Sharma,8.906035423278809,1
Suraj_Sharma,D:\Voice Authetication ESPNET\datasetvox\vox1_indian\content\vox_indian\id11130\00014.wav,Shahid_Kapoor,10.613653182983398,0
Suraj_Sharma,D:\Voice Authetication ESPNET\datasetvox\vox1_indian\content\vox_indian\id11130\00023.wav,Shahid_Kapoor,7.333831787109375,0
Suraj_Sharma,D:\Voice Authetication ESPNET\datasetvox\vox1_indian\content\vox_indian\id11130\00005_9.wav,Suraj_Sharma,11.261481285095215,1
Suraj_Sharma,D:\Voice Authetication ESPNET\datasetvox\vox1_indian\content\vox_indian\id11130\00006_15.wav,Shahid_Kapoor,8.00367546081543,0
Suraj_Sharma,D:\Voice Authetication ESPNET\datasetvox\vox1_indian\content\vox_indian\id11130\00006_10.wav,Suraj_Sharma,8.383727073669434,1
Suraj_Sharma,D:\Voice Authetication ESPNET\datasetvox\vox1_indian\content\vox_indian\id11130\00011_3.wav,Suraj_Sharma,8.890966415405273,1
Suraj_Sharma,D:\Voice Authetication ESPNET\datasetvox\vox1_indian\content\vox_indian\id11130\00018_1.wav,Suraj_Sharma,8.902430534362793,1
Suraj_Sharma,D:\Voice Authetication ESPNET\datasetvox\vox1_indian\content\vox_indian\id11130\00007_11.wav,Freida_Pinto,10.159998893737793,0
Suraj_Sharma,D:\Voice Authetication ESPNET\datasetvox\vox1_indian\content\vox_indian\id11130\00007_4.wav,Suraj_Sharma,9.209043502807617,1
Suraj_Sharma,D:\Voice Authetication ESPNET\datasetvox\vox1_indian\content\vox_indian\id11130\00022.wav,Shahid_Kapoor,7.138413906097412,0
Suraj_Sharma,D:\Voice Authetication ESPNET\datasetvox\vox1_indian\content\vox_indian\id11130\00003_18.wav,Shahid_Kapoor,9.061668395996094,0
Suraj_Sharma,D:\Voice Authetication ESPNET\datasetvox\vox1_indian\content\vox_indian\id11130\00006_5.wav,Suraj_Sharma,8.205903053283691,1
Suraj_Sharma,D:\Voice Authetication ESPNET\datasetvox\vox1_indian\content\vox_indian\id11130\00002_10.wav,Suraj_Sharma,8.355098724365234,1
Suraj_Sharma,D:\Voice Authetication ESPNET\datasetvox\vox1_indian\content\vox_indian\id11130\00011_1.wav,Pooja_Kumar,8.005159378051758,0
Suraj_Sharma,D:\Voice Authetication ESPNET\datasetvox\vox1_indian\content\vox_indian\id11130\00001_9.wav,Amitabh Bachchan,10.130082130432129,0
Suraj_Sharma,D:\Voice Authetication ESPNET\datasetvox\vox1_indian\content\vox_indian\id11130\00004_1.wav,Shahid_Kapoor,7.157586097717285,0
Suraj_Sharma,D:\Voice Authetication ESPNET\datasetvox\vox1_indian\content\vox_indian\id11130\00001_5.wav,Aamir_Khan,9.34568977355957,0
Suraj_Sharma,D:\Voice Authetication ESPNET\datasetvox\vox1_indian\content\vox_indian\id11130\00011_6.wav,Shahid_Kapoor,7.485305309295654,0
Suraj_Sharma,D:\Voice Authetication ESPNET\datasetvox\vox1_indian\content\vox_indian\id11130\00014_1.wav,Pooja_Kumar,8.16809368133545,0
Suraj_Sharma,D:\Voice Authetication ESPNET\datasetvox\vox1_indian\content\vox_indian\id11130\00023_1.wav,Suraj_Sharma,8.387128829956055,1
Suraj_Sharma,D:\Voice Authetication ESPNET\datasetvox\vox1_indian\content\vox_indian\id11130\00009_9.wav,Suraj_Sharma,9.015435218811035,1
Suraj_Sharma,D:\Voice Authetication ESPNET\datasetvox\vox1_indian\content\vox_indian\id11130\00002_14.wav,Suraj_Sharma,8.108966827392578,1
Suraj_Sharma,D:\Voice Authetication ESPNET\datasetvox\vox1_indian\content\vox_indian\id11130\00002_20.wav,Suraj_Sharma,7.879481315612793,1
Suraj_Sharma,D:\Voice Authetication ESPNET\datasetvox\vox1_indian\content\vox_indian\id11130\00012_5.wav,Suraj_Sharma,9.632802963256836,1
Suraj_Sharma,D:\Voice Authetication ESPNET\datasetvox\vox1_indian\content\vox_indian\id11130\00010_2.wav,Suraj_Sharma,8.998805046081543,1
Tabu,D:\Voice Authetication ESPNET\datasetvox\vox1_indian\content\vox_indian\id11136\00001_2.wav,Tabu,10.858491897583008,1
Tabu,D:\Voice Authetication ESPNET\datasetvox\vox1_indian\content\vox_indian\id11136\00002_1.wav,Randeep_Hooda,9.267641067504883,0
Tabu,D:\Voice Authetication ESPNET\datasetvox\vox1_indian\content\vox_indian\id11136\00014.wav,Tabu,6.862085819244385,1
Tabu,D:\Voice Authetication ESPNET\datasetvox\vox1_indian\content\vox_indian\id11136\00006.wav,Tabu,10.541570663452148,1
Tabu,D:\Voice Authetication ESPNET\datasetvox\vox1_indian\content\vox_indian\id11136\00015.wav,Tabu,11.684648513793945,1
Tabu,D:\Voice Authetication ESPNET\datasetvox\vox1_indian\content\vox_indian\id11136\00001_8.wav,Shraddha_Kapoor,9.259812355041504,0
Tabu,D:\Voice Authetication ESPNET\datasetvox\vox1_indian\content\vox_indian\id11136\00003_4.wav,Kanagana_Ranaut,9.970901489257812,0
Tabu,D:\Voice Authetication ESPNET\datasetvox\vox1_indian\content\vox_indian\id11136\00003_3.wav,Shahid_Kapoor,9.102500915527344,0
Tabu,D:\Voice Authetication ESPNET\datasetvox\vox1_indian\content\vox_indian\id11136\00010_1.wav,Shahid_Kapoor,8.378499031066895,0
Tabu,D:\Voice Authetication ESPNET\datasetvox\vox1_indian\content\vox_indian\id11136\00002_3.wav,Tabu,8.095846176147461,1
Tabu,D:\Voice Authetication ESPNET\datasetvox\vox1_indian\content\vox_indian\id11136\00001_12.wav,Om_Puri,10.749003410339355,0
Tabu,D:\Voice Authetication ESPNET\datasetvox\vox1_indian\content\vox_indian\id11136\00003_1.wav,Naseerudhin_Shah,12.204924583435059,0
Tabu,D:\Voice Authetication ESPNET\datasetvox\vox1_indian\content\vox_indian\id11136\00011.wav,Tabu,11.810165405273438,1
Tabu,D:\Voice Authetication ESPNET\datasetvox\vox1_indian\content\vox_indian\id11136\00004_2.wav,Aamir_Khan,11.148037910461426,0
Tabu,D:\Voice Authetication ESPNET\datasetvox\vox1_indian\content\vox_indian\id11136\00011_1.wav,Kanagana_Ranaut,10.160128593444824,0
Tabu,D:\Voice Authetication ESPNET\datasetvox\vox1_indian\content\vox_indian\id11136\00001_11.wav,Shahid_Kapoor,8.410231590270996,0
Tabu,D:\Voice Authetication ESPNET\datasetvox\vox1_indian\content\vox_indian\id11136\00004_3.wav,Sonam_Kapoor,7.733415126800537,0
Tabu,D:\Voice Authetication ESPNET\datasetvox\vox1_indian\content\vox_indian\id11136\00001_1.wav,Shraddha_Kapoor,8.791810035705566,0
Tabu,D:\Voice Authetication ESPNET\datasetvox\vox1_indian\content\vox_indian\id11136\00002_2.wav,Tabu,8.51611328125,1
Tabu,D:\Voice Authetication ESPNET\datasetvox\vox1_indian\content\vox_indian\id11136\00017.wav,Om_Puri,10.248039245605469,0
Tabu,D:\Voice Authetication ESPNET\datasetvox\vox1_indian\content\vox_indian\id11136\00009.wav,Tabu,9.763190269470215,1
Tabu,D:\Voice Authetication ESPNET\datasetvox\vox1_indian\content\vox_indian\id11136\00002.wav,Tabu,9.014216423034668,1
Tabu,D:\Voice Authetication ESPNET\datasetvox\vox1_indian\content\vox_indian\id11136\00001.wav,Tabu,9.714239120483398,1
Tabu,D:\Voice Authetication ESPNET\datasetvox\vox1_indian\content\vox_indian\id11136\00007_1.wav,Kanagana_Ranaut,9.674650192260742,0
Tabu,D:\Voice Authetication ESPNET\datasetvox\vox1_indian\content\vox_indian\id11136\00008_1.wav,Kanagana_Ranaut,10.408456802368164,0
Tabu,D:\Voice Authetication ESPNET\datasetvox\vox1_indian\content\vox_indian\id11136\00008.wav,Tabu,10.351003646850586,1
Tabu,D:\Voice Authetication ESPNET\datasetvox\vox1_indian\content\vox_indian\id11136\00003_2.wav,Kanagana_Ranaut,9.222357749938965,0
Tabu,D:\Voice Authetication ESPNET\datasetvox\vox1_indian\content\vox_indian\id11136\00004.wav,Om_Puri,9.438496589660645,0
Tabu,D:\Voice Authetication ESPNET\datasetvox\vox1_indian\content\vox_indian\id11136\00013.wav,Om_Puri,9.066411972045898,0
Tabu,D:\Voice Authetication ESPNET\datasetvox\vox1_indian\content\vox_indian\id11136\00006_1.wav,Naseerudhin_Shah,14.32403564453125,0
Tabu,D:\Voice Authetication ESPNET\datasetvox\vox1_indian\content\vox_indian\id11136\00002_8.wav,Shahid_Kapoor,8.965862274169922,0
Tabu,D:\Voice Authetication ESPNET\datasetvox\vox1_indian\content\vox_indian\id11136\00006_2.wav,Sonam_Kapoor,8.42848014831543,0
Tabu,D:\Voice Authetication ESPNET\datasetvox\vox1_indian\content\vox_indian\id11136\00001_5.wav,Suraj_Sharma,9.285414695739746,0
Tabu,D:\Voice Authetication ESPNET\datasetvox\vox1_indian\content\vox_indian\id11136\00009_1.wav,Kanagana_Ranaut,9.512837409973145,0
Tabu,D:\Voice Authetication ESPNET\datasetvox\vox1_indian\content\vox_indian\id11136\00004_4.wav,A.R.Rahman,11.937685012817383,0
Tabu,D:\Voice Authetication ESPNET\datasetvox\vox1_indian\content\vox_indian\id11136\00004_1.wav,Kanagana_Ranaut,9.602251052856445,0
Tabu,D:\Voice Authetication ESPNET\datasetvox\vox1_indian\content\vox_indian\id11136\00007.wav,Om_Puri,9.813812255859375,0
Tabu,D:\Voice Authetication ESPNET\datasetvox\vox1_indian\content\vox_indian\id11136\00005.wav,Tabu,9.245179176330566,1
Tabu,D:\Voice Authetication ESPNET\datasetvox\vox1_indian\content\vox_indian\id11136\00012.wav,Tabu,8.376565933227539,1
Tabu,D:\Voice Authetication ESPNET\datasetvox\vox1_indian\content\vox_indian\id11136\00001_7.wav,Shahid_Kapoor,9.12067699432373,0
Tabu,D:\Voice Authetication ESPNET\datasetvox\vox1_indian\content\vox_indian\id11136\00001_3.wav,Tabu,7.87314510345459,1
Tabu,D:\Voice Authetication ESPNET\datasetvox\vox1_indian\content\vox_indian\id11136\00016.wav,Randeep_Hooda,8.430044174194336,0
Tabu,D:\Voice Authetication ESPNET\datasetvox\vox1_indian\content\vox_indian\id11136\00002_7.wav,Shahid_Kapoor,8.517448425292969,0
Tabu,D:\Voice Authetication ESPNET\datasetvox\vox1_indian\content\vox_indian\id11136\00001_4.wav,Suraj_Sharma,9.566635131835938,0
Tabu,D:\Voice Authetication ESPNET\datasetvox\vox1_indian\content\vox_indian\id11136\00010.wav,Om_Puri,9.380672454833984,0
Vidya_Balan,D:\Voice Authetication ESPNET\datasetvox\vox1_indian\content\vox_indian\id11209\00009_2.wav,Om_Puri,8.747132301330566,0
Vidya_Balan,D:\Voice Authetication ESPNET\datasetvox\vox1_indian\content\vox_indian\id11209\00006.wav,Vidya_Balan,9.966423034667969,1
Vidya_Balan,D:\Voice Authetication ESPNET\datasetvox\vox1_indian\content\vox_indian\id11209\00012_11.wav,Suraj_Sharma,13.279180526733398,0
Vidya_Balan,D:\Voice Authetication ESPNET\datasetvox\vox1_indian\content\vox_indian\id11209\00008_1.wav,Om_Puri,9.890560150146484,0
Vidya_Balan,D:\Voice Authetication ESPNET\datasetvox\vox1_indian\content\vox_indian\id11209\00003_22.wav,Vidya_Balan,8.336929321289062,1
Vidya_Balan,D:\Voice Authetication ESPNET\datasetvox\vox1_indian\content\vox_indian\id11209\00001_1.wav,Vidya_Balan,8.757331848144531,1
Vidya_Balan,D:\Voice Authetication ESPNET\datasetvox\vox1_indian\content\vox_indian\id11209\00028_2.wav,Shahid_Kapoor,9.231842994689941,0
Vidya_Balan,D:\Voice Authetication ESPNET\datasetvox\vox1_indian\content\vox_indian\id11209\00003_15.wav,Vidya_Balan,7.037400245666504,1
Vidya_Balan,D:\Voice Authetication ESPNET\datasetvox\vox1_indian\content\vox_indian\id11209\00019_5.wav,Parineeti_Chopra,10.03579044342041,0
Vidya_Balan,D:\Voice Authetication ESPNET\datasetvox\vox1_indian\content\vox_indian\id11209\00008_10.wav,Om_Puri,8.982133865356445,0
Vidya_Balan,D:\Voice Authetication ESPNET\datasetvox\vox1_indian\content\vox_indian\id11209\00003_26.wav,Om_Puri,10.852133750915527,0
Vidya_Balan,D:\Voice Authetication ESPNET\datasetvox\vox1_indian\content\vox_indian\id11209\00010_2.wav,Vidya_Balan,7.285257816314697,1
Vidya_Balan,D:\Voice Authetication ESPNET\datasetvox\vox1_indian\content\vox_indian\id11209\00005_1.wav,Vidya_Balan,9.483026504516602,1
Vidya_Balan,D:\Voice Authetication ESPNET\datasetvox\vox1_indian\content\vox_indian\id11209\00009_3.wav,Shahid_Kapoor,10.070351600646973,0
Vidya_Balan,D:\Voice Authetication ESPNET\datasetvox\vox1_indian\content\vox_indian\id11209\00013_9.wav,Kanagana_Ranaut,7.851429462432861,0
Vidya_Balan,D:\Voice Authetication ESPNET\datasetvox\vox1_indian\content\vox_indian\id11209\00011.wav,Vidya_Balan,9.044085502624512,1
Vidya_Balan,D:\Voice Authetication ESPNET\datasetvox\vox1_indian\content\vox_indian\id11209\00007_2.wav,Tabu,8.706404685974121,0
Vidya_Balan,D:\Voice Authetication ESPNET\datasetvox\vox1_indian\content\vox_indian\id11209\00004_19.wav,Suraj_Sharma,9.502894401550293,0
Vidya_Balan,D:\Voice Authetication ESPNET\datasetvox\vox1_indian\content\vox_indian\id11209\00009_10.wav,Naseerudhin_Shah,10.073121070861816,0
Vidya_Balan,D:\Voice Authetication ESPNET\datasetvox\vox1_indian\content\vox_indian\id11209\00008_8.wav,Shahid_Kapoor,8.525422096252441,0
Vidya_Balan,D:\Voice Authetication ESPNET\datasetvox\vox1_indian\content\vox_indian\id11209\00006_10.wav,Vidya_Balan,8.7816801071167,1
Vidya_Balan,D:\Voice Authetication ESPNET\datasetvox\vox1_indian\content\vox_indian\id11209\00004.wav,Kanagana_Ranaut,8.129666328430176,0
Vidya_Balan,D:\Voice Authetication ESPNET\datasetvox\vox1_indian\content\vox_indian\id11209\00025_3.wav,Kanagana_Ranaut,8.485963821411133,0
Vidya_Balan,D:\Voice Authetication ESPNET\datasetvox\vox1_indian\content\vox_indian\id11209\00008_15.wav,Naseerudhin_Shah,8.353097915649414,0
Vidya_Balan,D:\Voice Authetication ESPNET\datasetvox\vox1_indian\content\vox_indian\id11209\00003_4.wav,Om_Puri,8.690672874450684,0
Vidya_Balan,D:\Voice Authetication ESPNET\datasetvox\vox1_indian\content\vox_indian\id11209\00002_14.wav,Kanagana_Ranaut,9.933096885681152,0
Vidya_Balan,D:\Voice Authetication ESPNET\datasetvox\vox1_indian\content\vox_indian\id11209\00018_3.wav,Akshay_Kumar,8.141664505004883,0
Vidya_Balan,D:\Voice Authetication ESPNET\datasetvox\vox1_indian\content\vox_indian\id11209\00001_14.wav,Sonam_Kapoor,8.87759780883789,0
Vidya_Balan,D:\Voice Authetication ESPNET\datasetvox\vox1_indian\content\vox_indian\id11209\00029.wav,Vidya_Balan,9.744423866271973,1
Vidya_Balan,D:\Voice Authetication ESPNET\datasetvox\vox1_indian\content\vox_indian\id11209\00004_2.wav,Tabu,9.748948097229004,0
Vidya_Balan,D:\Voice Authetication ESPNET\datasetvox\vox1_indian\content\vox_indian\id11209\00006_12.wav,Sonam_Kapoor,10.601896286010742,0
Vidya_Balan,D:\Voice Authetication ESPNET\datasetvox\vox1_indian\content\vox_indian\id11209\00016_2.wav,Vidya_Balan,8.168752670288086,1
Vidya_Balan,D:\Voice Authetication ESPNET\datasetvox\vox1_indian\content\vox_indian\id11209\00014_6.wav,Vidya_Balan,6.733914375305176,1
Vidya_Balan,D:\Voice Authetication ESPNET\datasetvox\vox1_indian\content\vox_indian\id11209\00004_22.wav,Kanagana_Ranaut,9.522953033447266,0
Vidya_Balan,D:\Voice Authetication ESPNET\datasetvox\vox1_indian\content\vox_indian\id11209\00022_5.wav,Pooja_Kumar,6.524575710296631,0
Vidya_Balan,D:\Voice Authetication ESPNET\datasetvox\vox1_indian\content\vox_indian\id11209\00028_1.wav,Shahid_Kapoor,10.526946067810059,0
Vidya_Balan,D:\Voice Authetication ESPNET\datasetvox\vox1_indian\content\vox_indian\id11209\00005_10.wav,Vidya_Balan,7.941136360168457,1
Vidya_Balan,D:\Voice Authetication ESPNET\datasetvox\vox1_indian\content\vox_indian\id11209\00019_1.wav,Randeep_Hooda,9.165157318115234,0
Vidya_Balan,D:\Voice Authetication ESPNET\datasetvox\vox1_indian\content\vox_indian\id11209\00002_2.wav,Om_Puri,9.5339994430542,0
Vidya_Balan,D:\Voice Authetication ESPNET\datasetvox\vox1_indian\content\vox_indian\id11209\00012_13.wav,Vidya_Balan,10.58306884765625,1
Vidya_Balan,D:\Voice Authetication ESPNET\datasetvox\vox1_indian\content\vox_indian\id11209\00021_1.wav,Randeep_Hooda,9.297286987304688,0
Vidya_Balan,D:\Voice Authetication ESPNET\datasetvox\vox1_indian\content\vox_indian\id11209\00016.wav,Randeep_Hooda,9.291048049926758,0
Vidya_Balan,D:\Voice Authetication ESPNET\datasetvox\vox1_indian\content\vox_indian\id11209\00006_7.wav,Pooja_Kumar,11.676389694213867,0
Vidya_Balan,D:\Voice Authetication ESPNET\datasetvox\vox1_indian\content\vox_indian\id11209\00001_4.wav,Tabu,9.17395305633545,0
Vidya_Balan,D:\Voice Authetication ESPNET\datasetvox\vox1_indian\content\vox_indian\id11209\00013_2.wav,Sonam_Kapoor,8.077801704406738,0
