Speaker,Audio_File,Recognized_Speaker,Distance,Result
A.R.Rahman,D:\Voice Authetication ESPNET\datasetvox\vox1_indian\content\vox_indian\id10002\00001_14.wav,Aamir_Khan,8.907204627990723,0
A.R.Rahman,D:\Voice Authetication ESPNET\datasetvox\vox1_indian\content\vox_indian\id10002\00002.wav,A.R.Rahman,10.693432807922363,1
A.R.Rahman,D:\Voice Authetication ESPNET\datasetvox\vox1_indian\content\vox_indian\id10002\00003_1.wav,John_Abraham,9.181933403015137,0
A.R.Rahman,D:\Voice Authetication ESPNET\datasetvox\vox1_indian\content\vox_indian\id10002\00002_11.wav,A.R.Rahman,8.767501831054688,1
A.R.Rahman,D:\Voice Authetication ESPNET\datasetvox\vox1_indian\content\vox_indian\id10002\00006_1.wav,A.R.Rahman,11.917435646057127,1
A.R.Rahman,D:\Voice Authetication ESPNET\datasetvox\vox1_indian\content\vox_indian\id10002\00005_2.wav,John_Abraham,11.524660110473633,0
A.R.Rahman,D:\Voice Authetication ESPNET\datasetvox\vox1_indian\content\vox_indian\id10002\00006_4.wav,A.R.Rahman,11.011375427246094,1
A.R.Rahman,D:\Voice Authetication ESPNET\datasetvox\vox1_indian\content\vox_indian\id10002\00010_3.wav,A.R.Rahman,7.487162113189697,1
A.R.Rahman,D:\Voice Authetication ESPNET\datasetvox\vox1_indian\content\vox_indian\id10002\00008_1.wav,A.R.Rahman,13.536299705505373,1
A.R.Rahman,D:\Voice Authetication ESPNET\datasetvox\vox1_indian\content\vox_indian\id10002\00022.wav,Ranbir_Kapoor,9.613765716552734,0
A.R.Rahman,D:\Voice Authetication ESPNET\datasetvox\vox1_indian\content\vox_indian\id10002\00024.wav,Shahid_Kapoor,10.029142379760742,0
A.R.Rahman,D:\Voice Authetication ESPNET\datasetvox\vox1_indian\content\vox_indian\id10002\00007_3.wav,A.R.Rahman,8.751885414123535,1
A.R.Rahman,D:\Voice Authetication ESPNET\datasetvox\vox1_indian\content\vox_indian\id10002\00023.wav,A.R.Rahman,9.879215240478516,1
A.R.Rahman,D:\Voice Authetication ESPNET\datasetvox\vox1_indian\content\vox_indian\id10002\00010_4.wav,Naseerudhin_Shah,9.911701202392578,0
A.R.Rahman,D:\Voice Authetication ESPNET\datasetvox\vox1_indian\content\vox_indian\id10002\00009_2.wav,A.R.Rahman,9.97439956665039,1
A.R.Rahman,D:\Voice Authetication ESPNET\datasetvox\vox1_indian\content\vox_indian\id10002\00002_6.wav,Aamir_Khan,9.618450164794922,0
A.R.Rahman,D:\Voice Authetication ESPNET\datasetvox\vox1_indian\content\vox_indian\id10002\00033.wav,A.R.Rahman,12.570334434509276,1
A.R.Rahman,D:\Voice Authetication ESPNET\datasetvox\vox1_indian\content\vox_indian\id10002\00013.wav,A.R.Rahman,11.614606857299805,1
A.R.Rahman,D:\Voice Authetication ESPNET\datasetvox\vox1_indian\content\vox_indian\id10002\00003_8.wav,Amitabh_Bachchan,9.842940330505373,0
A.R.Rahman,D:\Voice Authetication ESPNET\datasetvox\vox1_indian\content\vox_indian\id10002\00007_5.wav,Naseerudhin_Shah,8.39047622680664,0
A.R.Rahman,D:\Voice Authetication ESPNET\datasetvox\vox1_indian\content\vox_indian\id10002\00003_2.wav,A.R.Rahman,9.751778602600098,1
A.R.Rahman,D:\Voice Authetication ESPNET\datasetvox\vox1_indian\content\vox_indian\id10002\00001_6.wav,A.R.Rahman,10.493892669677734,1
A.R.Rahman,D:\Voice Authetication ESPNET\datasetvox\vox1_indian\content\vox_indian\id10002\00025_1.wav,A.R.Rahman,7.659555912017822,1
A.R.Rahman,D:\Voice Authetication ESPNET\datasetvox\vox1_indian\content\vox_indian\id10002\00003_4.wav,A.R.Rahman,10.298468589782717,1
A.R.Rahman,D:\Voice Authetication ESPNET\datasetvox\vox1_indian\content\vox_indian\id10002\00005_1.wav,A.R.Rahman,8.543756484985352,1
A.R.Rahman,D:\Voice Authetication ESPNET\datasetvox\vox1_indian\content\vox_indian\id10002\00003_6.wav,A.R.Rahman,14.161750793457031,1
A.R.Rahman,D:\Voice Authetication ESPNET\datasetvox\vox1_indian\content\vox_indian\id10002\00017.wav,Aamir_Khan,9.43174171447754,0
A.R.Rahman,D:\Voice Authetication ESPNET\datasetvox\vox1_indian\content\vox_indian\id10002\00021.wav,A.R.Rahman,9.4297456741333,1
A.R.Rahman,D:\Voice Authetication ESPNET\datasetvox\vox1_indian\content\vox_indian\id10002\00005.wav,A.R.Rahman,15.215265274047852,1
A.R.Rahman,D:\Voice Authetication ESPNET\datasetvox\vox1_indian\content\vox_indian\id10002\00005_4.wav,A.R.Rahman,11.099313735961914,1
A.R.Rahman,D:\Voice Authetication ESPNET\datasetvox\vox1_indian\content\vox_indian\id10002\00001_5.wav,A.R.Rahman,12.977639198303224,1
A.R.Rahman,D:\Voice Authetication ESPNET\datasetvox\vox1_indian\content\vox_indian\id10002\00007.wav,A.R.Rahman,11.81151294708252,1
A.R.Rahman,D:\Voice Authetication ESPNET\datasetvox\vox1_indian\content\vox_indian\id10002\00032.wav,A.R.Rahman,9.475648880004885,1
A.R.Rahman,D:\Voice Authetication ESPNET\datasetvox\vox1_indian\content\vox_indian\id10002\00009_1.wav,A.R.Rahman,10.19288444519043,1
A.R.Rahman,D:\Voice Authetication ESPNET\datasetvox\vox1_indian\content\vox_indian\id10002\00002_7.wav,A.R.Rahman,9.820302963256836,1
A.R.Rahman,D:\Voice Authetication ESPNET\datasetvox\vox1_indian\content\vox_indian\id10002\00008_2.wav,A.R.Rahman,10.325599670410156,1
A.R.Rahman,D:\Voice Authetication ESPNET\datasetvox\vox1_indian\content\vox_indian\id10002\00011.wav,A.R.Rahman,9.398321151733398,1
A.R.Rahman,D:\Voice Authetication ESPNET\datasetvox\vox1_indian\content\vox_indian\id10002\00008.wav,A.R.Rahman,10.9619722366333,1
A.R.Rahman,D:\Voice Authetication ESPNET\datasetvox\vox1_indian\content\vox_indian\id10002\00001_1.wav,A.R.Rahman,7.4160237312316895,1
A.R.Rahman,D:\Voice Authetication ESPNET\datasetvox\vox1_indian\content\vox_indian\id10002\00009.wav,A.R.Rahman,10.55999755859375,1
A.R.Rahman,D:\Voice Authetication ESPNET\datasetvox\vox1_indian\content\vox_indian\id10002\00002_2.wav,Ranbir_Kapoor,8.157485008239746,0
A.R.Rahman,D:\Voice Authetication ESPNET\datasetvox\vox1_indian\content\vox_indian\id10002\00009_4.wav,A.R.Rahman,10.488959312438965,1
A.R.Rahman,D:\Voice Authetication ESPNET\datasetvox\vox1_indian\content\vox_indian\id10002\00002_8.wav,A.R.Rahman,11.815447807312012,1
A.R.Rahman,D:\Voice Authetication ESPNET\datasetvox\vox1_indian\content\vox_indian\id10002\00015.wav,A.R.Rahman,8.388626098632812,1
A.R.Rahman,D:\Voice Authetication ESPNET\datasetvox\vox1_indian\content\vox_indian\id10002\00001_7.wav,A.R.Rahman,10.460370063781738,1
Aamir_Khan,D:\Voice Authetication ESPNET\datasetvox\vox1_indian\content\vox_indian\id10003\00011_1.wav,Aamir_Khan,9.84357738494873,1
Aamir_Khan,D:\Voice Authetication ESPNET\datasetvox\vox1_indian\content\vox_indian\id10003\00001_4.wav,Shahid_Kapoor,7.184426307678223,0
Aamir_Khan,D:\Voice Authetication ESPNET\datasetvox\vox1_indian\content\vox_indian\id10003\00017.wav,Aamir_Khan,8.57996654510498,1
Aamir_Khan,D:\Voice Authetication ESPNET\datasetvox\vox1_indian\content\vox_indian\id10003\00001_13.wav,Om_Puri,9.426984786987305,0
Aamir_Khan,D:\Voice Authetication ESPNET\datasetvox\vox1_indian\content\vox_indian\id10003\00024_1.wav,Akshay_Kumar,9.026765823364258,0
Aamir_Khan,D:\Voice Authetication ESPNET\datasetvox\vox1_indian\content\vox_indian\id10003\00006_7.wav,Om_Puri,10.234659194946287,0
Aamir_Khan,D:\Voice Authetication ESPNET\datasetvox\vox1_indian\content\vox_indian\id10003\00043.wav,Shahid_Kapoor,8.672746658325195,0
Aamir_Khan,D:\Voice Authetication ESPNET\datasetvox\vox1_indian\content\vox_indian\id10003\00025_1.wav,Om_Puri,9.275405883789062,0
Aamir_Khan,D:\Voice Authetication ESPNET\datasetvox\vox1_indian\content\vox_indian\id10003\00003_5.wav,Aamir_Khan,7.840085983276367,1
Aamir_Khan,D:\Voice Authetication ESPNET\datasetvox\vox1_indian\content\vox_indian\id10003\00007_2.wav,Aamir_Khan,8.365119934082031,1
Aamir_Khan,D:\Voice Authetication ESPNET\datasetvox\vox1_indian\content\vox_indian\id10003\00001_10.wav,Aamir_Khan,8.382303237915039,1
Aamir_Khan,D:\Voice Authetication ESPNET\datasetvox\vox1_indian\content\vox_indian\id10003\00006_3.wav,Amitabh_Bachchan,8.97037410736084,0
Aamir_Khan,D:\Voice Authetication ESPNET\datasetvox\vox1_indian\content\vox_indian\id10003\00007_1.wav,Shahid_Kapoor,7.940109729766846,0
Aamir_Khan,D:\Voice Authetication ESPNET\datasetvox\vox1_indian\content\vox_indian\id10003\00001_1.wav,Om_Puri,8.5557861328125,0
Aamir_Khan,D:\Voice Authetication ESPNET\datasetvox\vox1_indian\content\vox_indian\id10003\00005_2.wav,Aamir_Khan,8.146854400634766,1
Aamir_Khan,D:\Voice Authetication ESPNET\datasetvox\vox1_indian\content\vox_indian\id10003\00021.wav,Aamir_Khan,8.260974884033203,1
Aamir_Khan,D:\Voice Authetication ESPNET\datasetvox\vox1_indian\content\vox_indian\id10003\00013.wav,Aamir_Khan,9.17906093597412,1
Aamir_Khan,D:\Voice Authetication ESPNET\datasetvox\vox1_indian\content\vox_indian\id10003\00036.wav,Aamir_Khan,6.654043674468994,1
Aamir_Khan,D:\Voice Authetication ESPNET\datasetvox\vox1_indian\content\vox_indian\id10003\00005.wav,Shahid_Kapoor,8.871333122253418,0
Aamir_Khan,D:\Voice Authetication ESPNET\datasetvox\vox1_indian\content\vox_indian\id10003\00006_2.wav,Aamir_Khan,9.17332935333252,1
Aamir_Khan,D:\Voice Authetication ESPNET\datasetvox\vox1_indian\content\vox_indian\id10003\00002_1.wav,Om_Puri,8.257484436035156,0
Aamir_Khan,D:\Voice Authetication ESPNET\datasetvox\vox1_indian\content\vox_indian\id10003\00003_2.wav,Amitabh_Bachchan,10.338873863220217,0
Aamir_Khan,D:\Voice Authetication ESPNET\datasetvox\vox1_indian\content\vox_indian\id10003\00019_2.wav,Aamir_Khan,8.70073127746582,1
Aamir_Khan,D:\Voice Authetication ESPNET\datasetvox\vox1_indian\content\vox_indian\id10003\00004_6.wav,Naseerudhin_Shah,12.680834770202637,0
Aamir_Khan,D:\Voice Authetication ESPNET\datasetvox\vox1_indian\content\vox_indian\id10003\00001_11.wav,Aamir_Khan,8.994649887084961,1
Aamir_Khan,D:\Voice Authetication ESPNET\datasetvox\vox1_indian\content\vox_indian\id10003\00014_2.wav,Aamir_Khan,7.24862813949585,1
Aamir_Khan,D:\Voice Authetication ESPNET\datasetvox\vox1_indian\content\vox_indian\id10003\00035.wav,Aamir_Khan,8.246099472045898,1
Aamir_Khan,D:\Voice Authetication ESPNET\datasetvox\vox1_indian\content\vox_indian\id10003\00014_3.wav,Akshay_Kumar,8.799160957336426,0
Aamir_Khan,D:\Voice Authetication ESPNET\datasetvox\vox1_indian\content\vox_indian\id10003\00015_1.wav,Aamir_Khan,7.584114074707031,1
Aamir_Khan,D:\Voice Authetication ESPNET\datasetvox\vox1_indian\content\vox_indian\id10003\00002_11.wav,Shahid_Kapoor,8.42236614227295,0
Aamir_Khan,D:\Voice Authetication ESPNET\datasetvox\vox1_indian\content\vox_indian\id10003\00027.wav,Shahid_Kapoor,9.184040069580078,0
Aamir_Khan,D:\Voice Authetication ESPNET\datasetvox\vox1_indian\content\vox_indian\id10003\00009_1.wav,Suraj_Sharma,8.556982040405273,0
Aamir_Khan,D:\Voice Authetication ESPNET\datasetvox\vox1_indian\content\vox_indian\id10003\00007_3.wav,John_Abraham,10.28159999847412,0
Aamir_Khan,D:\Voice Authetication ESPNET\datasetvox\vox1_indian\content\vox_indian\id10003\00017_3.wav,Akshay_Kumar,11.365866661071776,0
Aamir_Khan,D:\Voice Authetication ESPNET\datasetvox\vox1_indian\content\vox_indian\id10003\00010.wav,Aamir_Khan,8.171404838562012,1
Aamir_Khan,D:\Voice Authetication ESPNET\datasetvox\vox1_indian\content\vox_indian\id10003\00031_1.wav,Om_Puri,9.904464721679688,0
Aamir_Khan,D:\Voice Authetication ESPNET\datasetvox\vox1_indian\content\vox_indian\id10003\00032_1.wav,Om_Puri,9.44707489013672,0
Aamir_Khan,D:\Voice Authetication ESPNET\datasetvox\vox1_indian\content\vox_indian\id10003\00026_1.wav,Om_Puri,9.438957214355469,0
Aamir_Khan,D:\Voice Authetication ESPNET\datasetvox\vox1_indian\content\vox_indian\id10003\00024.wav,Aamir_Khan,7.879568576812744,1
Aamir_Khan,D:\Voice Authetication ESPNET\datasetvox\vox1_indian\content\vox_indian\id10003\00037.wav,Aamir_Khan,6.516849040985107,1
Aamir_Khan,D:\Voice Authetication ESPNET\datasetvox\vox1_indian\content\vox_indian\id10003\00014.wav,Aamir_Khan,6.679019451141357,1
Aamir_Khan,D:\Voice Authetication ESPNET\datasetvox\vox1_indian\content\vox_indian\id10003\00012_1.wav,Aamir_Khan,9.328463554382324,1
Aamir_Khan,D:\Voice Authetication ESPNET\datasetvox\vox1_indian\content\vox_indian\id10003\00023_1.wav,Irfan_Khan,9.421061515808104,0
Aamir_Khan,D:\Voice Authetication ESPNET\datasetvox\vox1_indian\content\vox_indian\id10003\00018_1.wav,Shahid_Kapoor,6.55908203125,0
Aamir_Khan,D:\Voice Authetication ESPNET\datasetvox\vox1_indian\content\vox_indian\id10003\00009_3.wav,Shahid_Kapoor,7.1356611251831055,0
Akshay_Kumar,D:\Voice Authetication ESPNET\datasetvox\vox1_indian\content\vox_indian\id10018\00023_2.wav,Akshay_Kumar,10.037554740905762,1
Akshay_Kumar,D:\Voice Authetication ESPNET\datasetvox\vox1_indian\content\vox_indian\id10018\00032_1.wav,Akshay_Kumar,7.990330696105957,1
Akshay_Kumar,D:\Voice Authetication ESPNET\datasetvox\vox1_indian\content\vox_indian\id10018\00004.wav,Akshay_Kumar,9.041954040527344,1
Akshay_Kumar,D:\Voice Authetication ESPNET\datasetvox\vox1_indian\content\vox_indian\id10018\00022_2.wav,Akshay_Kumar,11.638728141784668,1
Akshay_Kumar,D:\Voice Authetication ESPNET\datasetvox\vox1_indian\content\vox_indian\id10018\00015_5.wav,Shahid_Kapoor,8.491668701171875,0
Akshay_Kumar,D:\Voice Authetication ESPNET\datasetvox\vox1_indian\content\vox_indian\id10018\00003_13.wav,Akshay_Kumar,9.647242546081545,1
Akshay_Kumar,D:\Voice Authetication ESPNET\datasetvox\vox1_indian\content\vox_indian\id10018\00003_5.wav,Om_Puri,8.964510917663574,0
Akshay_Kumar,D:\Voice Authetication ESPNET\datasetvox\vox1_indian\content\vox_indian\id10018\00018.wav,Suraj_Sharma,6.395376682281494,0
Akshay_Kumar,D:\Voice Authetication ESPNET\datasetvox\vox1_indian\content\vox_indian\id10018\00003_6.wav,Akshay_Kumar,7.736613750457764,1
Akshay_Kumar,D:\Voice Authetication ESPNET\datasetvox\vox1_indian\content\vox_indian\id10018\00011_6.wav,Akshay_Kumar,8.179705619812012,1
Akshay_Kumar,D:\Voice Authetication ESPNET\datasetvox\vox1_indian\content\vox_indian\id10018\00006.wav,Suraj_Sharma,9.14270305633545,0
Akshay_Kumar,D:\Voice Authetication ESPNET\datasetvox\vox1_indian\content\vox_indian\id10018\00024_2.wav,Om_Puri,7.577455997467041,0
Akshay_Kumar,D:\Voice Authetication ESPNET\datasetvox\vox1_indian\content\vox_indian\id10018\00002_6.wav,Akshay_Kumar,9.108604431152344,1
Akshay_Kumar,D:\Voice Authetication ESPNET\datasetvox\vox1_indian\content\vox_indian\id10018\00012_3.wav,Akshay_Kumar,7.883804798126221,1
Akshay_Kumar,D:\Voice Authetication ESPNET\datasetvox\vox1_indian\content\vox_indian\id10018\00010_5.wav,Sonam_Kapoor,9.665141105651855,0
Akshay_Kumar,D:\Voice Authetication ESPNET\datasetvox\vox1_indian\content\vox_indian\id10018\00029.wav,Akshay_Kumar,6.882355690002441,1
Akshay_Kumar,D:\Voice Authetication ESPNET\datasetvox\vox1_indian\content\vox_indian\id10018\00002.wav,Ranbir_Kapoor,8.123830795288086,0
Akshay_Kumar,D:\Voice Authetication ESPNET\datasetvox\vox1_indian\content\vox_indian\id10018\00002_11.wav,Akshay_Kumar,9.881702423095703,1
Akshay_Kumar,D:\Voice Authetication ESPNET\datasetvox\vox1_indian\content\vox_indian\id10018\00031_1.wav,Akshay_Kumar,7.963885307312012,1
Akshay_Kumar,D:\Voice Authetication ESPNET\datasetvox\vox1_indian\content\vox_indian\id10018\00016_4.wav,Om_Puri,9.067275047302246,0
Akshay_Kumar,D:\Voice Authetication ESPNET\datasetvox\vox1_indian\content\vox_indian\id10018\00011_1.wav,Suraj_Sharma,9.6543550491333,0
Akshay_Kumar,D:\Voice Authetication ESPNET\datasetvox\vox1_indian\content\vox_indian\id10018\00004_9.wav,Om_Puri,10.8062744140625,0
Akshay_Kumar,D:\Voice Authetication ESPNET\datasetvox\vox1_indian\content\vox_indian\id10018\00001_23.wav,Aamir_Khan,10.94363498687744,0
Akshay_Kumar,D:\Voice Authetication ESPNET\datasetvox\vox1_indian\content\vox_indian\id10018\00025_1.wav,Shahid_Kapoor,9.83860206604004,0
Akshay_Kumar,D:\Voice Authetication ESPNET\datasetvox\vox1_indian\content\vox_indian\id10018\00010_2.wav,John_Abraham,8.26389217376709,0
Akshay_Kumar,D:\Voice Authetication ESPNET\datasetvox\vox1_indian\content\vox_indian\id10018\00001_21.wav,Shahid_Kapoor,8.28014850616455,0
Akshay_Kumar,D:\Voice Authetication ESPNET\datasetvox\vox1_indian\content\vox_indian\id10018\00002_14.wav,Akshay_Kumar,10.561798095703123,1
Akshay_Kumar,D:\Voice Authetication ESPNET\datasetvox\vox1_indian\content\vox_indian\id10018\00012_2.wav,Shahid_Kapoor,7.064280986785889,0
Akshay_Kumar,D:\Voice Authetication ESPNET\datasetvox\vox1_indian\content\vox_indian\id10018\00001_22.wav,Akshay_Kumar,9.640040397644045,1
Akshay_Kumar,D:\Voice Authetication ESPNET\datasetvox\vox1_indian\content\vox_indian\id10018\00014.wav,John_Abraham,8.897124290466309,0
Akshay_Kumar,D:\Voice Authetication ESPNET\datasetvox\vox1_indian\content\vox_indian\id10018\00001_3.wav,Shahid_Kapoor,6.92175817489624,0
Akshay_Kumar,D:\Voice Authetication ESPNET\datasetvox\vox1_indian\content\vox_indian\id10018\00004_10.wav,Akshay_Kumar,7.588342666625977,1
Akshay_Kumar,D:\Voice Authetication ESPNET\datasetvox\vox1_indian\content\vox_indian\id10018\00001_12.wav,John_Abraham,10.308884620666504,0
Akshay_Kumar,D:\Voice Authetication ESPNET\datasetvox\vox1_indian\content\vox_indian\id10018\00059.wav,Akshay_Kumar,8.813751220703125,1
Akshay_Kumar,D:\Voice Authetication ESPNET\datasetvox\vox1_indian\content\vox_indian\id10018\00005_4.wav,John_Abraham,9.427569389343262,0
Akshay_Kumar,D:\Voice Authetication ESPNET\datasetvox\vox1_indian\content\vox_indian\id10018\00001_14.wav,Om_Puri,9.414226531982422,0
Akshay_Kumar,D:\Voice Authetication ESPNET\datasetvox\vox1_indian\content\vox_indian\id10018\00033.wav,Akshay_Kumar,8.239934921264648,1
Akshay_Kumar,D:\Voice Authetication ESPNET\datasetvox\vox1_indian\content\vox_indian\id10018\00019_1.wav,Shahid_Kapoor,8.703642845153809,0
Akshay_Kumar,D:\Voice Authetication ESPNET\datasetvox\vox1_indian\content\vox_indian\id10018\00009_6.wav,Akshay_Kumar,8.692643165588379,1
Akshay_Kumar,D:\Voice Authetication ESPNET\datasetvox\vox1_indian\content\vox_indian\id10018\00020_3.wav,Akshay_Kumar,8.897969245910645,1
Akshay_Kumar,D:\Voice Authetication ESPNET\datasetvox\vox1_indian\content\vox_indian\id10018\00043.wav,John_Abraham,7.636824607849121,0
Akshay_Kumar,D:\Voice Authetication ESPNET\datasetvox\vox1_indian\content\vox_indian\id10018\00001_5.wav,John_Abraham,8.423291206359863,0
Akshay_Kumar,D:\Voice Authetication ESPNET\datasetvox\vox1_indian\content\vox_indian\id10018\00012_6.wav,Akshay_Kumar,8.992259979248047,1
Akshay_Kumar,D:\Voice Authetication ESPNET\datasetvox\vox1_indian\content\vox_indian\id10018\00003_15.wav,Akshay_Kumar,8.266289710998535,1
Akshay_Kumar,D:\Voice Authetication ESPNET\datasetvox\vox1_indian\content\vox_indian\id10018\00047.wav,Aamir_Khan,7.574289798736572,0
Amitabh_Bachchan,D:\Voice Authetication ESPNET\datasetvox\vox1_indian\content\vox_indian\id10045\00032_2.wav,Amitabh_Bachchan,7.062538146972656,1
Amitabh_Bachchan,D:\Voice Authetication ESPNET\datasetvox\vox1_indian\content\vox_indian\id10045\00038_2.wav,Amitabh_Bachchan,7.636157035827637,1
Amitabh_Bachchan,D:\Voice Authetication ESPNET\datasetvox\vox1_indian\content\vox_indian\id10045\00004_1.wav,Amitabh_Bachchan,10.299091339111328,1
Amitabh_Bachchan,D:\Voice Authetication ESPNET\datasetvox\vox1_indian\content\vox_indian\id10045\00004_7.wav,John_Abraham,9.40870189666748,0
Amitabh_Bachchan,D:\Voice Authetication ESPNET\datasetvox\vox1_indian\content\vox_indian\id10045\00002_11.wav,Om_Puri,8.673848152160645,0
Amitabh_Bachchan,D:\Voice Authetication ESPNET\datasetvox\vox1_indian\content\vox_indian\id10045\00008_3.wav,Suraj_Sharma,8.759369850158691,0
Amitabh_Bachchan,D:\Voice Authetication ESPNET\datasetvox\vox1_indian\content\vox_indian\id10045\00005_9.wav,Om_Puri,9.80137062072754,0
Amitabh_Bachchan,D:\Voice Authetication ESPNET\datasetvox\vox1_indian\content\vox_indian\id10045\00054.wav,Amitabh_Bachchan,8.187512397766113,1
Amitabh_Bachchan,D:\Voice Authetication ESPNET\datasetvox\vox1_indian\content\vox_indian\id10045\00064.wav,Amitabh_Bachchan,9.632575988769531,1
Amitabh_Bachchan,D:\Voice Authetication ESPNET\datasetvox\vox1_indian\content\vox_indian\id10045\00005_5.wav,Amitabh_Bachchan,7.746465682983398,1
Amitabh_Bachchan,D:\Voice Authetication ESPNET\datasetvox\vox1_indian\content\vox_indian\id10045\00018_4.wav,Amitabh_Bachchan,8.221315383911133,1
Amitabh_Bachchan,D:\Voice Authetication ESPNET\datasetvox\vox1_indian\content\vox_indian\id10045\00004_11.wav,Amitabh_Bachchan,7.2913498878479,1
Amitabh_Bachchan,D:\Voice Authetication ESPNET\datasetvox\vox1_indian\content\vox_indian\id10045\00002_6.wav,Amitabh_Bachchan,8.57132625579834,1
Amitabh_Bachchan,D:\Voice Authetication ESPNET\datasetvox\vox1_indian\content\vox_indian\id10045\00017_4.wav,Amitabh_Bachchan,8.923194885253906,1
Amitabh_Bachchan,D:\Voice Authetication ESPNET\datasetvox\vox1_indian\content\vox_indian\id10045\00006.wav,Amitabh_Bachchan,7.65168571472168,1
Amitabh_Bachchan,D:\Voice Authetication ESPNET\datasetvox\vox1_indian\content\vox_indian\id10045\00062.wav,Amitabh_Bachchan,6.642223358154297,1
Amitabh_Bachchan,D:\Voice Authetication ESPNET\datasetvox\vox1_indian\content\vox_indian\id10045\00013_3.wav,Randeep_Hooda,10.754611015319824,0
Amitabh_Bachchan,D:\Voice Authetication ESPNET\datasetvox\vox1_indian\content\vox_indian\id10045\00032.wav,Suraj_Sharma,8.509075164794922,0
Amitabh_Bachchan,D:\Voice Authetication ESPNET\datasetvox\vox1_indian\content\vox_indian\id10045\00007_9.wav,Amitabh_Bachchan,8.211549758911133,1
Amitabh_Bachchan,D:\Voice Authetication ESPNET\datasetvox\vox1_indian\content\vox_indian\id10045\00042_2.wav,Amitabh_Bachchan,6.756142616271973,1
Amitabh_Bachchan,D:\Voice Authetication ESPNET\datasetvox\vox1_indian\content\vox_indian\id10045\00002_10.wav,Amitabh_Bachchan,10.137858390808104,1
Amitabh_Bachchan,D:\Voice Authetication ESPNET\datasetvox\vox1_indian\content\vox_indian\id10045\00046_2.wav,Amitabh_Bachchan,7.663815498352051,1
Amitabh_Bachchan,D:\Voice Authetication ESPNET\datasetvox\vox1_indian\content\vox_indian\id10045\00051.wav,Amitabh_Bachchan,8.69985580444336,1
Amitabh_Bachchan,D:\Voice Authetication ESPNET\datasetvox\vox1_indian\content\vox_indian\id10045\00040_1.wav,Amitabh_Bachchan,7.488260269165039,1
Amitabh_Bachchan,D:\Voice Authetication ESPNET\datasetvox\vox1_indian\content\vox_indian\id10045\00007_4.wav,Amitabh_Bachchan,7.449215888977051,1
Amitabh_Bachchan,D:\Voice Authetication ESPNET\datasetvox\vox1_indian\content\vox_indian\id10045\00008_5.wav,Amitabh_Bachchan,9.624109268188477,1
Amitabh_Bachchan,D:\Voice Authetication ESPNET\datasetvox\vox1_indian\content\vox_indian\id10045\00049_1.wav,Amitabh_Bachchan,8.69329833984375,1
Amitabh_Bachchan,D:\Voice Authetication ESPNET\datasetvox\vox1_indian\content\vox_indian\id10045\00037_1.wav,Amitabh_Bachchan,8.580228805541992,1
Amitabh_Bachchan,D:\Voice Authetication ESPNET\datasetvox\vox1_indian\content\vox_indian\id10045\00045_1.wav,Pooja_Kumar,9.732821464538574,0
Amitabh_Bachchan,D:\Voice Authetication ESPNET\datasetvox\vox1_indian\content\vox_indian\id10045\00010_6.wav,Amitabh_Bachchan,8.68471908569336,1
Amitabh_Bachchan,D:\Voice Authetication ESPNET\datasetvox\vox1_indian\content\vox_indian\id10045\00006_6.wav,Randeep_Hooda,9.979262351989746,0
Amitabh_Bachchan,D:\Voice Authetication ESPNET\datasetvox\vox1_indian\content\vox_indian\id10045\00018_3.wav,Amitabh_Bachchan,8.675318717956543,1
Amitabh_Bachchan,D:\Voice Authetication ESPNET\datasetvox\vox1_indian\content\vox_indian\id10045\00021_1.wav,Amitabh_Bachchan,10.99234676361084,1
Amitabh_Bachchan,D:\Voice Authetication ESPNET\datasetvox\vox1_indian\content\vox_indian\id10045\00004_4.wav,Amitabh_Bachchan,9.806264877319336,1
Amitabh_Bachchan,D:\Voice Authetication ESPNET\datasetvox\vox1_indian\content\vox_indian\id10045\00014_5.wav,Om_Puri,7.916904449462891,0
Amitabh_Bachchan,D:\Voice Authetication ESPNET\datasetvox\vox1_indian\content\vox_indian\id10045\00003.wav,Amitabh_Bachchan,8.856951713562012,1
Amitabh_Bachchan,D:\Voice Authetication ESPNET\datasetvox\vox1_indian\content\vox_indian\id10045\00012_6.wav,Shahid_Kapoor,8.023421287536621,0
Amitabh_Bachchan,D:\Voice Authetication ESPNET\datasetvox\vox1_indian\content\vox_indian\id10045\00027_3.wav,Amitabh_Bachchan,9.44446849822998,1
Amitabh_Bachchan,D:\Voice Authetication ESPNET\datasetvox\vox1_indian\content\vox_indian\id10045\00002_4.wav,Om_Puri,8.826820373535156,0
Amitabh_Bachchan,D:\Voice Authetication ESPNET\datasetvox\vox1_indian\content\vox_indian\id10045\00002_5.wav,Amitabh_Bachchan,7.296103477478027,1
Amitabh_Bachchan,D:\Voice Authetication ESPNET\datasetvox\vox1_indian\content\vox_indian\id10045\00039_1.wav,Amitabh_Bachchan,7.161929607391357,1
Amitabh_Bachchan,D:\Voice Authetication ESPNET\datasetvox\vox1_indian\content\vox_indian\id10045\00027_1.wav,Amitabh_Bachchan,8.73032283782959,1
Amitabh_Bachchan,D:\Voice Authetication ESPNET\datasetvox\vox1_indian\content\vox_indian\id10045\00001_6.wav,Amitabh_Bachchan,8.710477828979492,1
Amitabh_Bachchan,D:\Voice Authetication ESPNET\datasetvox\vox1_indian\content\vox_indian\id10045\00001_2.wav,Amitabh_Bachchan,9.8539457321167,1
Amitabh_Bachchan,D:\Voice Authetication ESPNET\datasetvox\vox1_indian\content\vox_indian\id10045\00002_7.wav,Amitabh_Bachchan,8.578927993774414,1
Freida_Pinto,D:\Voice Authetication ESPNET\datasetvox\vox1_indian\content\vox_indian\id10324\00002_17.wav,Freida_Pinto,9.430853843688965,1
Freida_Pinto,D:\Voice Authetication ESPNET\datasetvox\vox1_indian\content\vox_indian\id10324\00015.wav,Freida_Pinto,7.279982566833496,1
Freida_Pinto,D:\Voice Authetication ESPNET\datasetvox\vox1_indian\content\vox_indian\id10324\00005_6.wav,Freida_Pinto,10.44977855682373,1
Freida_Pinto,D:\Voice Authetication ESPNET\datasetvox\vox1_indian\content\vox_indian\id10324\00004_10.wav,Freida_Pinto,8.20978832244873,1
Freida_Pinto,D:\Voice Authetication ESPNET\datasetvox\vox1_indian\content\vox_indian\id10324\00001_24.wav,Freida_Pinto,11.457942008972168,1
Freida_Pinto,D:\Voice Authetication ESPNET\datasetvox\vox1_indian\content\vox_indian\id10324\00008.wav,Pooja_Kumar,6.876962661743164,0
Freida_Pinto,D:\Voice Authetication ESPNET\datasetvox\vox1_indian\content\vox_indian\id10324\00001_17.wav,Freida_Pinto,10.678879737854004,1
Freida_Pinto,D:\Voice Authetication ESPNET\datasetvox\vox1_indian\content\vox_indian\id10324\00005_4.wav,Freida_Pinto,7.494566917419434,1
Freida_Pinto,D:\Voice Authetication ESPNET\datasetvox\vox1_indian\content\vox_indian\id10324\00010_1.wav,Freida_Pinto,10.400474548339844,1
Freida_Pinto,D:\Voice Authetication ESPNET\datasetvox\vox1_indian\content\vox_indian\id10324\00002_16.wav,Freida_Pinto,9.053330421447754,1
Freida_Pinto,D:\Voice Authetication ESPNET\datasetvox\vox1_indian\content\vox_indian\id10324\00003_7.wav,Freida_Pinto,7.749794960021973,1
Freida_Pinto,D:\Voice Authetication ESPNET\datasetvox\vox1_indian\content\vox_indian\id10324\00001_6.wav,Freida_Pinto,5.896029949188232,1
Freida_Pinto,D:\Voice Authetication ESPNET\datasetvox\vox1_indian\content\vox_indian\id10324\00006_4.wav,Freida_Pinto,8.278483390808105,1
Freida_Pinto,D:\Voice Authetication ESPNET\datasetvox\vox1_indian\content\vox_indian\id10324\00001_9.wav,Freida_Pinto,6.30094051361084,1
Freida_Pinto,D:\Voice Authetication ESPNET\datasetvox\vox1_indian\content\vox_indian\id10324\00001_18.wav,Freida_Pinto,7.269145011901855,1
Freida_Pinto,D:\Voice Authetication ESPNET\datasetvox\vox1_indian\content\vox_indian\id10324\00001_10.wav,Freida_Pinto,9.197230339050291,1
Freida_Pinto,D:\Voice Authetication ESPNET\datasetvox\vox1_indian\content\vox_indian\id10324\00001_4.wav,Pooja_Kumar,11.72978973388672,0
Freida_Pinto,D:\Voice Authetication ESPNET\datasetvox\vox1_indian\content\vox_indian\id10324\00002_5.wav,Freida_Pinto,6.622831344604492,1
Freida_Pinto,D:\Voice Authetication ESPNET\datasetvox\vox1_indian\content\vox_indian\id10324\00002_3.wav,Freida_Pinto,10.041898727416992,1
Freida_Pinto,D:\Voice Authetication ESPNET\datasetvox\vox1_indian\content\vox_indian\id10324\00003_4.wav,Freida_Pinto,6.541213512420654,1
Freida_Pinto,D:\Voice Authetication ESPNET\datasetvox\vox1_indian\content\vox_indian\id10324\00001_21.wav,Freida_Pinto,5.152095317840576,1
Freida_Pinto,D:\Voice Authetication ESPNET\datasetvox\vox1_indian\content\vox_indian\id10324\00003_17.wav,Pooja_Kumar,7.844522953033447,0
Freida_Pinto,D:\Voice Authetication ESPNET\datasetvox\vox1_indian\content\vox_indian\id10324\00003_11.wav,Freida_Pinto,7.963214874267578,1
Freida_Pinto,D:\Voice Authetication ESPNET\datasetvox\vox1_indian\content\vox_indian\id10324\00003_8.wav,Pooja_Kumar,10.497543334960938,0
Freida_Pinto,D:\Voice Authetication ESPNET\datasetvox\vox1_indian\content\vox_indian\id10324\00004_3.wav,Freida_Pinto,7.24252462387085,1
Freida_Pinto,D:\Voice Authetication ESPNET\datasetvox\vox1_indian\content\vox_indian\id10324\00001_8.wav,Freida_Pinto,9.618063926696776,1
Freida_Pinto,D:\Voice Authetication ESPNET\datasetvox\vox1_indian\content\vox_indian\id10324\00008_2.wav,Freida_Pinto,7.489843845367432,1
Freida_Pinto,D:\Voice Authetication ESPNET\datasetvox\vox1_indian\content\vox_indian\id10324\00002_13.wav,Freida_Pinto,10.893220901489258,1
Freida_Pinto,D:\Voice Authetication ESPNET\datasetvox\vox1_indian\content\vox_indian\id10324\00004_2.wav,Sonam_Kapoor,9.466525077819824,0
Freida_Pinto,D:\Voice Authetication ESPNET\datasetvox\vox1_indian\content\vox_indian\id10324\00012.wav,Pooja_Kumar,10.432586669921877,0
Freida_Pinto,D:\Voice Authetication ESPNET\datasetvox\vox1_indian\content\vox_indian\id10324\00011.wav,Freida_Pinto,6.149249076843262,1
Freida_Pinto,D:\Voice Authetication ESPNET\datasetvox\vox1_indian\content\vox_indian\id10324\00001_26.wav,Freida_Pinto,9.964375495910645,1
Freida_Pinto,D:\Voice Authetication ESPNET\datasetvox\vox1_indian\content\vox_indian\id10324\00001_12.wav,Freida_Pinto,8.009320259094238,1
Freida_Pinto,D:\Voice Authetication ESPNET\datasetvox\vox1_indian\content\vox_indian\id10324\00003_2.wav,Freida_Pinto,7.153285026550293,1
Freida_Pinto,D:\Voice Authetication ESPNET\datasetvox\vox1_indian\content\vox_indian\id10324\00004_13.wav,Freida_Pinto,12.241022109985352,1
Freida_Pinto,D:\Voice Authetication ESPNET\datasetvox\vox1_indian\content\vox_indian\id10324\00005_2.wav,Freida_Pinto,7.215676307678223,1
Freida_Pinto,D:\Voice Authetication ESPNET\datasetvox\vox1_indian\content\vox_indian\id10324\00013_1.wav,Freida_Pinto,9.972344398498535,1
Freida_Pinto,D:\Voice Authetication ESPNET\datasetvox\vox1_indian\content\vox_indian\id10324\00006_1.wav,Freida_Pinto,6.8168535232543945,1
Freida_Pinto,D:\Voice Authetication ESPNET\datasetvox\vox1_indian\content\vox_indian\id10324\00003_9.wav,Freida_Pinto,6.230330467224121,1
Freida_Pinto,D:\Voice Authetication ESPNET\datasetvox\vox1_indian\content\vox_indian\id10324\00004_8.wav,Freida_Pinto,6.184813499450684,1
Freida_Pinto,D:\Voice Authetication ESPNET\datasetvox\vox1_indian\content\vox_indian\id10324\00004_9.wav,Pooja_Kumar,9.44123363494873,0
Freida_Pinto,D:\Voice Authetication ESPNET\datasetvox\vox1_indian\content\vox_indian\id10324\00008_1.wav,Freida_Pinto,7.084886074066162,1
Freida_Pinto,D:\Voice Authetication ESPNET\datasetvox\vox1_indian\content\vox_indian\id10324\00007_1.wav,Freida_Pinto,7.458915710449219,1
Freida_Pinto,D:\Voice Authetication ESPNET\datasetvox\vox1_indian\content\vox_indian\id10324\00012_1.wav,Freida_Pinto,8.068066596984863,1
Freida_Pinto,D:\Voice Authetication ESPNET\datasetvox\vox1_indian\content\vox_indian\id10324\00007_3.wav,Freida_Pinto,7.335791110992432,1
Irfan_Khan,D:\Voice Authetication ESPNET\datasetvox\vox1_indian\content\vox_indian\id10393\00018_5.wav,Amitabh_Bachchan,7.220878124237059,0
Irfan_Khan,D:\Voice Authetication ESPNET\datasetvox\vox1_indian\content\vox_indian\id10393\00019_5.wav,Amitabh_Bachchan,9.10352611541748,0
Irfan_Khan,D:\Voice Authetication ESPNET\datasetvox\vox1_indian\content\vox_indian\id10393\00002_18.wav,Naseerudhin_Shah,10.473705291748049,0
Irfan_Khan,D:\Voice Authetication ESPNET\datasetvox\vox1_indian\content\vox_indian\id10393\00007.wav,Aamir_Khan,9.352582931518556,0
Irfan_Khan,D:\Voice Authetication ESPNET\datasetvox\vox1_indian\content\vox_indian\id10393\00032_2.wav,Amitabh_Bachchan,8.510951042175293,0
Irfan_Khan,D:\Voice Authetication ESPNET\datasetvox\vox1_indian\content\vox_indian\id10393\00009_8.wav,Akshay_Kumar,8.198235511779785,0
Irfan_Khan,D:\Voice Authetication ESPNET\datasetvox\vox1_indian\content\vox_indian\id10393\00017_6.wav,Shahid_Kapoor,8.613117218017578,0
Irfan_Khan,D:\Voice Authetication ESPNET\datasetvox\vox1_indian\content\vox_indian\id10393\00011_2.wav,Ranbir_Kapoor,7.831607341766357,0
Irfan_Khan,D:\Voice Authetication ESPNET\datasetvox\vox1_indian\content\vox_indian\id10393\00010_2.wav,Shahid_Kapoor,6.544477462768555,0
Irfan_Khan,D:\Voice Authetication ESPNET\datasetvox\vox1_indian\content\vox_indian\id10393\00001_1.wav,Amitabh_Bachchan,8.027341842651367,0
Irfan_Khan,D:\Voice Authetication ESPNET\datasetvox\vox1_indian\content\vox_indian\id10393\00004_13.wav,Naseerudhin_Shah,8.123432159423828,0
Irfan_Khan,D:\Voice Authetication ESPNET\datasetvox\vox1_indian\content\vox_indian\id10393\00022_2.wav,Shahid_Kapoor,9.807077407836914,0
Irfan_Khan,D:\Voice Authetication ESPNET\datasetvox\vox1_indian\content\vox_indian\id10393\00001_6.wav,Shahid_Kapoor,8.000019073486328,0
Irfan_Khan,D:\Voice Authetication ESPNET\datasetvox\vox1_indian\content\vox_indian\id10393\00004_17.wav,Naseerudhin_Shah,6.988012313842773,0
Irfan_Khan,D:\Voice Authetication ESPNET\datasetvox\vox1_indian\content\vox_indian\id10393\00002_19.wav,Naseerudhin_Shah,8.026127815246582,0
Irfan_Khan,D:\Voice Authetication ESPNET\datasetvox\vox1_indian\content\vox_indian\id10393\00036_2.wav,Shahid_Kapoor,7.534005641937256,0
Irfan_Khan,D:\Voice Authetication ESPNET\datasetvox\vox1_indian\content\vox_indian\id10393\00008.wav,Shahid_Kapoor,10.36595344543457,0
Irfan_Khan,D:\Voice Authetication ESPNET\datasetvox\vox1_indian\content\vox_indian\id10393\00003.wav,Amitabh_Bachchan,7.885574817657471,0
Irfan_Khan,D:\Voice Authetication ESPNET\datasetvox\vox1_indian\content\vox_indian\id10393\00007_1.wav,Ranbir_Kapoor,7.127837181091309,0
Irfan_Khan,D:\Voice Authetication ESPNET\datasetvox\vox1_indian\content\vox_indian\id10393\00041_1.wav,Irfan_Khan,8.089097023010254,1
Irfan_Khan,D:\Voice Authetication ESPNET\datasetvox\vox1_indian\content\vox_indian\id10393\00017_7.wav,Shahid_Kapoor,8.465583801269531,0
Irfan_Khan,D:\Voice Authetication ESPNET\datasetvox\vox1_indian\content\vox_indian\id10393\00004_12.wav,Om_Puri,9.266753196716309,0
Irfan_Khan,D:\Voice Authetication ESPNET\datasetvox\vox1_indian\content\vox_indian\id10393\00008_8.wav,Shahid_Kapoor,6.157173156738281,0
Irfan_Khan,D:\Voice Authetication ESPNET\datasetvox\vox1_indian\content\vox_indian\id10393\00005_4.wav,Naseerudhin_Shah,9.71726417541504,0
Irfan_Khan,D:\Voice Authetication ESPNET\datasetvox\vox1_indian\content\vox_indian\id10393\00014_4.wav,Om_Puri,9.27296257019043,0
Irfan_Khan,D:\Voice Authetication ESPNET\datasetvox\vox1_indian\content\vox_indian\id10393\00005_8.wav,Shahid_Kapoor,6.781033039093018,0
Irfan_Khan,D:\Voice Authetication ESPNET\datasetvox\vox1_indian\content\vox_indian\id10393\00010_7.wav,Amitabh_Bachchan,7.820108413696289,0
Irfan_Khan,D:\Voice Authetication ESPNET\datasetvox\vox1_indian\content\vox_indian\id10393\00002_10.wav,Aamir_Khan,7.541646003723144,0
Irfan_Khan,D:\Voice Authetication ESPNET\datasetvox\vox1_indian\content\vox_indian\id10393\00023.wav,Kanagana_Ranaut,7.481168746948242,0
Irfan_Khan,D:\Voice Authetication ESPNET\datasetvox\vox1_indian\content\vox_indian\id10393\00044_1.wav,Om_Puri,9.20680046081543,0
Irfan_Khan,D:\Voice Authetication ESPNET\datasetvox\vox1_indian\content\vox_indian\id10393\00026_2.wav,Aamir_Khan,8.40462875366211,0
Irfan_Khan,D:\Voice Authetication ESPNET\datasetvox\vox1_indian\content\vox_indian\id10393\00005_14.wav,Suraj_Sharma,7.141684532165527,0
Irfan_Khan,D:\Voice Authetication ESPNET\datasetvox\vox1_indian\content\vox_indian\id10393\00040.wav,Shahid_Kapoor,8.538188934326172,0
Irfan_Khan,D:\Voice Authetication ESPNET\datasetvox\vox1_indian\content\vox_indian\id10393\00009_4.wav,Ranbir_Kapoor,8.42385482788086,0
Irfan_Khan,D:\Voice Authetication ESPNET\datasetvox\vox1_indian\content\vox_indian\id10393\00001_20.wav,Amitabh_Bachchan,8.174215316772461,0
Irfan_Khan,D:\Voice Authetication ESPNET\datasetvox\vox1_indian\content\vox_indian\id10393\00023_1.wav,Om_Puri,8.312615394592285,0
Irfan_Khan,D:\Voice Authetication ESPNET\datasetvox\vox1_indian\content\vox_indian\id10393\00008_2.wav,Om_Puri,12.227834701538086,0
Irfan_Khan,D:\Voice Authetication ESPNET\datasetvox\vox1_indian\content\vox_indian\id10393\00017.wav,Shahid_Kapoor,9.545270919799805,0
Irfan_Khan,D:\Voice Authetication ESPNET\datasetvox\vox1_indian\content\vox_indian\id10393\00044.wav,Aamir_Khan,8.436487197875977,0
Irfan_Khan,D:\Voice Authetication ESPNET\datasetvox\vox1_indian\content\vox_indian\id10393\00001_18.wav,John_Abraham,9.516061782836914,0
Irfan_Khan,D:\Voice Authetication ESPNET\datasetvox\vox1_indian\content\vox_indian\id10393\00003_16.wav,Naseerudhin_Shah,9.974071502685549,0
Irfan_Khan,D:\Voice Authetication ESPNET\datasetvox\vox1_indian\content\vox_indian\id10393\00032_1.wav,Om_Puri,7.513364315032959,0
Irfan_Khan,D:\Voice Authetication ESPNET\datasetvox\vox1_indian\content\vox_indian\id10393\00027_1.wav,Om_Puri,8.7657470703125,0
Irfan_Khan,D:\Voice Authetication ESPNET\datasetvox\vox1_indian\content\vox_indian\id10393\00006.wav,Aamir_Khan,7.597244262695312,0
Irfan_Khan,D:\Voice Authetication ESPNET\datasetvox\vox1_indian\content\vox_indian\id10393\00027_2.wav,Suraj_Sharma,7.585586071014404,0
John_Abraham,D:\Voice Authetication ESPNET\datasetvox\vox1_indian\content\vox_indian\id10519\00002_8.wav,John_Abraham,8.826629638671875,1
John_Abraham,D:\Voice Authetication ESPNET\datasetvox\vox1_indian\content\vox_indian\id10519\00003_3.wav,John_Abraham,7.328373432159424,1
John_Abraham,D:\Voice Authetication ESPNET\datasetvox\vox1_indian\content\vox_indian\id10519\00018_1.wav,John_Abraham,6.613913536071777,1
John_Abraham,D:\Voice Authetication ESPNET\datasetvox\vox1_indian\content\vox_indian\id10519\00014.wav,Shahid_Kapoor,6.165802001953125,0
John_Abraham,D:\Voice Authetication ESPNET\datasetvox\vox1_indian\content\vox_indian\id10519\00007_2.wav,Akshay_Kumar,7.948543548583984,0
John_Abraham,D:\Voice Authetication ESPNET\datasetvox\vox1_indian\content\vox_indian\id10519\00001_2.wav,Shahid_Kapoor,7.783138275146484,0
John_Abraham,D:\Voice Authetication ESPNET\datasetvox\vox1_indian\content\vox_indian\id10519\00005_2.wav,Akshay_Kumar,7.131872177124023,0
John_Abraham,D:\Voice Authetication ESPNET\datasetvox\vox1_indian\content\vox_indian\id10519\00007_3.wav,Naseerudhin_Shah,8.07015609741211,0
John_Abraham,D:\Voice Authetication ESPNET\datasetvox\vox1_indian\content\vox_indian\id10519\00004_3.wav,Shahid_Kapoor,8.859941482543945,0
John_Abraham,D:\Voice Authetication ESPNET\datasetvox\vox1_indian\content\vox_indian\id10519\00019.wav,Shahid_Kapoor,7.452967166900635,0
John_Abraham,D:\Voice Authetication ESPNET\datasetvox\vox1_indian\content\vox_indian\id10519\00007_5.wav,John_Abraham,6.510983943939209,1
John_Abraham,D:\Voice Authetication ESPNET\datasetvox\vox1_indian\content\vox_indian\id10519\00023.wav,John_Abraham,10.116344451904297,1
John_Abraham,D:\Voice Authetication ESPNET\datasetvox\vox1_indian\content\vox_indian\id10519\00013.wav,Akshay_Kumar,6.759334087371826,0
John_Abraham,D:\Voice Authetication ESPNET\datasetvox\vox1_indian\content\vox_indian\id10519\00002.wav,Akshay_Kumar,7.94879150390625,0
John_Abraham,D:\Voice Authetication ESPNET\datasetvox\vox1_indian\content\vox_indian\id10519\00005_1.wav,John_Abraham,8.092047691345215,1
John_Abraham,D:\Voice Authetication ESPNET\datasetvox\vox1_indian\content\vox_indian\id10519\00004_1.wav,John_Abraham,8.722574234008789,1
John_Abraham,D:\Voice Authetication ESPNET\datasetvox\vox1_indian\content\vox_indian\id10519\00010.wav,Akshay_Kumar,8.397969245910645,0
John_Abraham,D:\Voice Authetication ESPNET\datasetvox\vox1_indian\content\vox_indian\id10519\00009.wav,Akshay_Kumar,7.168656826019287,0
John_Abraham,D:\Voice Authetication ESPNET\datasetvox\vox1_indian\content\vox_indian\id10519\00015_1.wav,Shahid_Kapoor,9.65520191192627,0
John_Abraham,D:\Voice Authetication ESPNET\datasetvox\vox1_indian\content\vox_indian\id10519\00002_5.wav,Akshay_Kumar,8.106414794921875,0
John_Abraham,D:\Voice Authetication ESPNET\datasetvox\vox1_indian\content\vox_indian\id10519\00004.wav,John_Abraham,8.63047981262207,1
John_Abraham,D:\Voice Authetication ESPNET\datasetvox\vox1_indian\content\vox_indian\id10519\00005_3.wav,Ranbir_Kapoor,7.671313285827637,0
John_Abraham,D:\Voice Authetication ESPNET\datasetvox\vox1_indian\content\vox_indian\id10519\00003_5.wav,John_Abraham,10.10583782196045,1
John_Abraham,D:\Voice Authetication ESPNET\datasetvox\vox1_indian\content\vox_indian\id10519\00008_1.wav,Akshay_Kumar,8.809141159057617,0
John_Abraham,D:\Voice Authetication ESPNET\datasetvox\vox1_indian\content\vox_indian\id10519\00005.wav,Ranbir_Kapoor,8.308473587036133,0
John_Abraham,D:\Voice Authetication ESPNET\datasetvox\vox1_indian\content\vox_indian\id10519\00002_7.wav,Akshay_Kumar,8.187787055969238,0
John_Abraham,D:\Voice Authetication ESPNET\datasetvox\vox1_indian\content\vox_indian\id10519\00020.wav,John_Abraham,7.681625843048096,1
John_Abraham,D:\Voice Authetication ESPNET\datasetvox\vox1_indian\content\vox_indian\id10519\00002_1.wav,Shahid_Kapoor,9.319689750671388,0
John_Abraham,D:\Voice Authetication ESPNET\datasetvox\vox1_indian\content\vox_indian\id10519\00025.wav,John_Abraham,6.755793571472168,1
John_Abraham,D:\Voice Authetication ESPNET\datasetvox\vox1_indian\content\vox_indian\id10519\00004_4.wav,Shahid_Kapoor,7.949666500091553,0
John_Abraham,D:\Voice Authetication ESPNET\datasetvox\vox1_indian\content\vox_indian\id10519\00003.wav,John_Abraham,8.335280418395996,1
John_Abraham,D:\Voice Authetication ESPNET\datasetvox\vox1_indian\content\vox_indian\id10519\00001.wav,John_Abraham,9.009927749633787,1
John_Abraham,D:\Voice Authetication ESPNET\datasetvox\vox1_indian\content\vox_indian\id10519\00006_1.wav,Akshay_Kumar,9.038599967956545,0
John_Abraham,D:\Voice Authetication ESPNET\datasetvox\vox1_indian\content\vox_indian\id10519\00006_4.wav,Akshay_Kumar,8.440811157226562,0
John_Abraham,D:\Voice Authetication ESPNET\datasetvox\vox1_indian\content\vox_indian\id10519\00012_1.wav,Shahid_Kapoor,7.527305603027344,0
John_Abraham,D:\Voice Authetication ESPNET\datasetvox\vox1_indian\content\vox_indian\id10519\00003_6.wav,Akshay_Kumar,6.938491344451904,0
John_Abraham,D:\Voice Authetication ESPNET\datasetvox\vox1_indian\content\vox_indian\id10519\00011_1.wav,Shahid_Kapoor,8.03438663482666,0
John_Abraham,D:\Voice Authetication ESPNET\datasetvox\vox1_indian\content\vox_indian\id10519\00003_7.wav,Om_Puri,10.367319107055664,0
John_Abraham,D:\Voice Authetication ESPNET\datasetvox\vox1_indian\content\vox_indian\id10519\00009_1.wav,Shahid_Kapoor,7.304471492767334,0
John_Abraham,D:\Voice Authetication ESPNET\datasetvox\vox1_indian\content\vox_indian\id10519\00002_9.wav,John_Abraham,9.282944679260254,1
John_Abraham,D:\Voice Authetication ESPNET\datasetvox\vox1_indian\content\vox_indian\id10519\00001_4.wav,Akshay_Kumar,7.842759609222412,0
John_Abraham,D:\Voice Authetication ESPNET\datasetvox\vox1_indian\content\vox_indian\id10519\00002_2.wav,Amitabh_Bachchan,8.131266593933105,0
John_Abraham,D:\Voice Authetication ESPNET\datasetvox\vox1_indian\content\vox_indian\id10519\00001_5.wav,Akshay_Kumar,11.06116771697998,0
John_Abraham,D:\Voice Authetication ESPNET\datasetvox\vox1_indian\content\vox_indian\id10519\00006.wav,Vidya_Balan,8.66826343536377,0
John_Abraham,D:\Voice Authetication ESPNET\datasetvox\vox1_indian\content\vox_indian\id10519\00003_1.wav,Suraj_Sharma,10.218812942504885,0
Kanagana_Ranaut,D:\Voice Authetication ESPNET\datasetvox\vox1_indian\content\vox_indian\id10583\00007_11.wav,Kanagana_Ranaut,7.108879089355469,1
Kanagana_Ranaut,D:\Voice Authetication ESPNET\datasetvox\vox1_indian\content\vox_indian\id10583\00021_4.wav,Kanagana_Ranaut,7.1138763427734375,1
Kanagana_Ranaut,D:\Voice Authetication ESPNET\datasetvox\vox1_indian\content\vox_indian\id10583\00004_12.wav,Kanagana_Ranaut,10.564826965332031,1
Kanagana_Ranaut,D:\Voice Authetication ESPNET\datasetvox\vox1_indian\content\vox_indian\id10583\00017_5.wav,Akshay_Kumar,9.058199882507324,0
Kanagana_Ranaut,D:\Voice Authetication ESPNET\datasetvox\vox1_indian\content\vox_indian\id10583\00009.wav,Akshay_Kumar,10.440521240234377,0
Kanagana_Ranaut,D:\Voice Authetication ESPNET\datasetvox\vox1_indian\content\vox_indian\id10583\00008_6.wav,Suraj_Sharma,7.939803123474121,0
Kanagana_Ranaut,D:\Voice Authetication ESPNET\datasetvox\vox1_indian\content\vox_indian\id10583\00009_6.wav,Suraj_Sharma,7.466548442840576,0
Kanagana_Ranaut,D:\Voice Authetication ESPNET\datasetvox\vox1_indian\content\vox_indian\id10583\00001_11.wav,Kanagana_Ranaut,8.21636962890625,1
Kanagana_Ranaut,D:\Voice Authetication ESPNET\datasetvox\vox1_indian\content\vox_indian\id10583\00001_9.wav,Akshay_Kumar,8.643045425415039,0
Kanagana_Ranaut,D:\Voice Authetication ESPNET\datasetvox\vox1_indian\content\vox_indian\id10583\00010_5.wav,Akshay_Kumar,9.663583755493164,0
Kanagana_Ranaut,D:\Voice Authetication ESPNET\datasetvox\vox1_indian\content\vox_indian\id10583\00004_11.wav,Akshay_Kumar,8.123241424560547,0
Kanagana_Ranaut,D:\Voice Authetication ESPNET\datasetvox\vox1_indian\content\vox_indian\id10583\00003_3.wav,Sonam_Kapoor,7.299746036529541,0
Kanagana_Ranaut,D:\Voice Authetication ESPNET\datasetvox\vox1_indian\content\vox_indian\id10583\00018_4.wav,Freida_Pinto,9.258015632629396,0
Kanagana_Ranaut,D:\Voice Authetication ESPNET\datasetvox\vox1_indian\content\vox_indian\id10583\00004_3.wav,Sonam_Kapoor,5.97413969039917,0
Kanagana_Ranaut,D:\Voice Authetication ESPNET\datasetvox\vox1_indian\content\vox_indian\id10583\00013_5.wav,Shraddha_Kapoor,10.171713829040527,0
Kanagana_Ranaut,D:\Voice Authetication ESPNET\datasetvox\vox1_indian\content\vox_indian\id10583\00008_5.wav,Akshay_Kumar,8.853593826293945,0
Kanagana_Ranaut,D:\Voice Authetication ESPNET\datasetvox\vox1_indian\content\vox_indian\id10583\00008_3.wav,Kanagana_Ranaut,15.065503120422363,1
Kanagana_Ranaut,D:\Voice Authetication ESPNET\datasetvox\vox1_indian\content\vox_indian\id10583\00013_6.wav,Freida_Pinto,8.358290672302246,0
Kanagana_Ranaut,D:\Voice Authetication ESPNET\datasetvox\vox1_indian\content\vox_indian\id10583\00013_4.wav,Sonam_Kapoor,6.606346607208252,0
Kanagana_Ranaut,D:\Voice Authetication ESPNET\datasetvox\vox1_indian\content\vox_indian\id10583\00016_3.wav,Sonam_Kapoor,6.356804847717285,0
Kanagana_Ranaut,D:\Voice Authetication ESPNET\datasetvox\vox1_indian\content\vox_indian\id10583\00028_2.wav,Freida_Pinto,6.767284393310547,0
Kanagana_Ranaut,D:\Voice Authetication ESPNET\datasetvox\vox1_indian\content\vox_indian\id10583\00020.wav,Sonam_Kapoor,7.840399265289307,0
Kanagana_Ranaut,D:\Voice Authetication ESPNET\datasetvox\vox1_indian\content\vox_indian\id10583\00009_5.wav,Akshay_Kumar,7.029685974121094,0
Kanagana_Ranaut,D:\Voice Authetication ESPNET\datasetvox\vox1_indian\content\vox_indian\id10583\00008_1.wav,Parineeti_Chopra,7.247649669647217,0
Kanagana_Ranaut,D:\Voice Authetication ESPNET\datasetvox\vox1_indian\content\vox_indian\id10583\00001_16.wav,Pooja_Kumar,8.590091705322266,0
Kanagana_Ranaut,D:\Voice Authetication ESPNET\datasetvox\vox1_indian\content\vox_indian\id10583\00024_3.wav,Akshay_Kumar,10.26771068572998,0
Kanagana_Ranaut,D:\Voice Authetication ESPNET\datasetvox\vox1_indian\content\vox_indian\id10583\00003_7.wav,Parineeti_Chopra,8.522889137268066,0
Kanagana_Ranaut,D:\Voice Authetication ESPNET\datasetvox\vox1_indian\content\vox_indian\id10583\00005_1.wav,Parineeti_Chopra,7.605444431304932,0
Kanagana_Ranaut,D:\Voice Authetication ESPNET\datasetvox\vox1_indian\content\vox_indian\id10583\00001_15.wav,Shahid_Kapoor,8.797272682189941,0
Kanagana_Ranaut,D:\Voice Authetication ESPNET\datasetvox\vox1_indian\content\vox_indian\id10583\00001_2.wav,Kanagana_Ranaut,8.047736167907715,1
Kanagana_Ranaut,D:\Voice Authetication ESPNET\datasetvox\vox1_indian\content\vox_indian\id10583\00014_5.wav,Naseerudhin_Shah,10.837875366210938,0
Kanagana_Ranaut,D:\Voice Authetication ESPNET\datasetvox\vox1_indian\content\vox_indian\id10583\00017_2.wav,Sonam_Kapoor,8.469925880432129,0
Kanagana_Ranaut,D:\Voice Authetication ESPNET\datasetvox\vox1_indian\content\vox_indian\id10583\00035_1.wav,Akshay_Kumar,9.064290046691896,0
Kanagana_Ranaut,D:\Voice Authetication ESPNET\datasetvox\vox1_indian\content\vox_indian\id10583\00007_10.wav,Suraj_Sharma,7.284046649932861,0
Kanagana_Ranaut,D:\Voice Authetication ESPNET\datasetvox\vox1_indian\content\vox_indian\id10583\00014_3.wav,Sonam_Kapoor,11.268131256103516,0
Kanagana_Ranaut,D:\Voice Authetication ESPNET\datasetvox\vox1_indian\content\vox_indian\id10583\00005_11.wav,Kanagana_Ranaut,7.117245674133301,1
Kanagana_Ranaut,D:\Voice Authetication ESPNET\datasetvox\vox1_indian\content\vox_indian\id10583\00002_12.wav,Kanagana_Ranaut,8.255109786987305,1
Kanagana_Ranaut,D:\Voice Authetication ESPNET\datasetvox\vox1_indian\content\vox_indian\id10583\00029_2.wav,Akshay_Kumar,7.982386589050293,0
Kanagana_Ranaut,D:\Voice Authetication ESPNET\datasetvox\vox1_indian\content\vox_indian\id10583\00007_7.wav,Kanagana_Ranaut,10.914494514465332,1
Kanagana_Ranaut,D:\Voice Authetication ESPNET\datasetvox\vox1_indian\content\vox_indian\id10583\00011_2.wav,Sonam_Kapoor,8.996795654296875,0
Kanagana_Ranaut,D:\Voice Authetication ESPNET\datasetvox\vox1_indian\content\vox_indian\id10583\00015_1.wav,Sonam_Kapoor,8.83712387084961,0
Kanagana_Ranaut,D:\Voice Authetication ESPNET\datasetvox\vox1_indian\content\vox_indian\id10583\00010_8.wav,Akshay_Kumar,8.141997337341309,0
Kanagana_Ranaut,D:\Voice Authetication ESPNET\datasetvox\vox1_indian\content\vox_indian\id10583\00002_3.wav,Kanagana_Ranaut,6.968140125274658,1
Kanagana_Ranaut,D:\Voice Authetication ESPNET\datasetvox\vox1_indian\content\vox_indian\id10583\00011_8.wav,Akshay_Kumar,7.537758827209473,0
Kanagana_Ranaut,D:\Voice Authetication ESPNET\datasetvox\vox1_indian\content\vox_indian\id10583\00014_4.wav,Sonam_Kapoor,6.578728199005127,0
Mallika_Sherawat,D:\Voice Authetication ESPNET\datasetvox\vox1_indian\content\vox_indian\id10724\00022.wav,Mallika_Sherawat,5.479574680328369,1
Mallika_Sherawat,D:\Voice Authetication ESPNET\datasetvox\vox1_indian\content\vox_indian\id10724\00017_2.wav,Mallika_Sherawat,5.728668689727783,1
Mallika_Sherawat,D:\Voice Authetication ESPNET\datasetvox\vox1_indian\content\vox_indian\id10724\00030.wav,Aamir_Khan,7.402374267578125,0
Mallika_Sherawat,D:\Voice Authetication ESPNET\datasetvox\vox1_indian\content\vox_indian\id10724\00005_6.wav,Mallika_Sherawat,9.089335441589355,1
Mallika_Sherawat,D:\Voice Authetication ESPNET\datasetvox\vox1_indian\content\vox_indian\id10724\00007_3.wav,Mallika_Sherawat,7.837964057922363,1
Mallika_Sherawat,D:\Voice Authetication ESPNET\datasetvox\vox1_indian\content\vox_indian\id10724\00017.wav,Mallika_Sherawat,9.554361343383787,1
Mallika_Sherawat,D:\Voice Authetication ESPNET\datasetvox\vox1_indian\content\vox_indian\id10724\00010_2.wav,Mallika_Sherawat,7.245739936828613,1
Mallika_Sherawat,D:\Voice Authetication ESPNET\datasetvox\vox1_indian\content\vox_indian\id10724\00011_2.wav,Mallika_Sherawat,6.071024417877197,1
Mallika_Sherawat,D:\Voice Authetication ESPNET\datasetvox\vox1_indian\content\vox_indian\id10724\00007_5.wav,Mallika_Sherawat,7.107640743255615,1
Mallika_Sherawat,D:\Voice Authetication ESPNET\datasetvox\vox1_indian\content\vox_indian\id10724\00010_1.wav,Mallika_Sherawat,8.315296173095703,1
Mallika_Sherawat,D:\Voice Authetication ESPNET\datasetvox\vox1_indian\content\vox_indian\id10724\00010.wav,Mallika_Sherawat,8.262154579162598,1
Mallika_Sherawat,D:\Voice Authetication ESPNET\datasetvox\vox1_indian\content\vox_indian\id10724\00003_8.wav,Mallika_Sherawat,6.797616481781006,1
Mallika_Sherawat,D:\Voice Authetication ESPNET\datasetvox\vox1_indian\content\vox_indian\id10724\00007_2.wav,Akshay_Kumar,11.180892944335938,0
Mallika_Sherawat,D:\Voice Authetication ESPNET\datasetvox\vox1_indian\content\vox_indian\id10724\00001_10.wav,Akshay_Kumar,10.281815528869627,0
Mallika_Sherawat,D:\Voice Authetication ESPNET\datasetvox\vox1_indian\content\vox_indian\id10724\00003.wav,Om_Puri,8.741328239440918,0
Mallika_Sherawat,D:\Voice Authetication ESPNET\datasetvox\vox1_indian\content\vox_indian\id10724\00008.wav,Mallika_Sherawat,6.523724555969238,1
Mallika_Sherawat,D:\Voice Authetication ESPNET\datasetvox\vox1_indian\content\vox_indian\id10724\00003_1.wav,Mallika_Sherawat,6.770603179931641,1
Mallika_Sherawat,D:\Voice Authetication ESPNET\datasetvox\vox1_indian\content\vox_indian\id10724\00016_1.wav,Mallika_Sherawat,7.053000926971436,1
Mallika_Sherawat,D:\Voice Authetication ESPNET\datasetvox\vox1_indian\content\vox_indian\id10724\00001_11.wav,Freida_Pinto,7.391541481018066,0
Mallika_Sherawat,D:\Voice Authetication ESPNET\datasetvox\vox1_indian\content\vox_indian\id10724\00002_8.wav,Mallika_Sherawat,6.027730941772461,1
Mallika_Sherawat,D:\Voice Authetication ESPNET\datasetvox\vox1_indian\content\vox_indian\id10724\00021.wav,Mallika_Sherawat,6.854288101196289,1
Mallika_Sherawat,D:\Voice Authetication ESPNET\datasetvox\vox1_indian\content\vox_indian\id10724\00005_4.wav,Suraj_Sharma,7.942525386810303,0
Mallika_Sherawat,D:\Voice Authetication ESPNET\datasetvox\vox1_indian\content\vox_indian\id10724\00003_5.wav,Mallika_Sherawat,7.783539772033691,1
Mallika_Sherawat,D:\Voice Authetication ESPNET\datasetvox\vox1_indian\content\vox_indian\id10724\00011_3.wav,Mallika_Sherawat,5.210226058959961,1
Mallika_Sherawat,D:\Voice Authetication ESPNET\datasetvox\vox1_indian\content\vox_indian\id10724\00009_2.wav,Suraj_Sharma,8.654851913452148,0
Mallika_Sherawat,D:\Voice Authetication ESPNET\datasetvox\vox1_indian\content\vox_indian\id10724\00007.wav,Mallika_Sherawat,8.623207092285156,1
Mallika_Sherawat,D:\Voice Authetication ESPNET\datasetvox\vox1_indian\content\vox_indian\id10724\00001_6.wav,Om_Puri,9.126266479492188,0
Mallika_Sherawat,D:\Voice Authetication ESPNET\datasetvox\vox1_indian\content\vox_indian\id10724\00001_4.wav,Parineeti_Chopra,11.431455612182615,0
Mallika_Sherawat,D:\Voice Authetication ESPNET\datasetvox\vox1_indian\content\vox_indian\id10724\00009.wav,Aamir_Khan,7.356319904327393,0
Mallika_Sherawat,D:\Voice Authetication ESPNET\datasetvox\vox1_indian\content\vox_indian\id10724\00009_4.wav,Mallika_Sherawat,7.211022853851318,1
Mallika_Sherawat,D:\Voice Authetication ESPNET\datasetvox\vox1_indian\content\vox_indian\id10724\00009_3.wav,Mallika_Sherawat,11.150372505187988,1
Mallika_Sherawat,D:\Voice Authetication ESPNET\datasetvox\vox1_indian\content\vox_indian\id10724\00018_1.wav,Mallika_Sherawat,6.204859256744385,1
Mallika_Sherawat,D:\Voice Authetication ESPNET\datasetvox\vox1_indian\content\vox_indian\id10724\00028.wav,Mallika_Sherawat,6.064221858978272,1
Mallika_Sherawat,D:\Voice Authetication ESPNET\datasetvox\vox1_indian\content\vox_indian\id10724\00002.wav,Om_Puri,9.042092323303224,0
Mallika_Sherawat,D:\Voice Authetication ESPNET\datasetvox\vox1_indian\content\vox_indian\id10724\00001_2.wav,Mallika_Sherawat,8.542365074157715,1
Mallika_Sherawat,D:\Voice Authetication ESPNET\datasetvox\vox1_indian\content\vox_indian\id10724\00014_1.wav,Mallika_Sherawat,6.678838729858398,1
Mallika_Sherawat,D:\Voice Authetication ESPNET\datasetvox\vox1_indian\content\vox_indian\id10724\00003_6.wav,Mallika_Sherawat,6.571317672729492,1
Mallika_Sherawat,D:\Voice Authetication ESPNET\datasetvox\vox1_indian\content\vox_indian\id10724\00008_1.wav,Freida_Pinto,8.373689651489258,0
Mallika_Sherawat,D:\Voice Authetication ESPNET\datasetvox\vox1_indian\content\vox_indian\id10724\00006_3.wav,Mallika_Sherawat,7.826557159423828,1
Mallika_Sherawat,D:\Voice Authetication ESPNET\datasetvox\vox1_indian\content\vox_indian\id10724\00004_3.wav,Akshay_Kumar,10.724058151245115,0
Mallika_Sherawat,D:\Voice Authetication ESPNET\datasetvox\vox1_indian\content\vox_indian\id10724\00006_2.wav,Freida_Pinto,12.85831069946289,0
Mallika_Sherawat,D:\Voice Authetication ESPNET\datasetvox\vox1_indian\content\vox_indian\id10724\00013_1.wav,Mallika_Sherawat,6.1537299156188965,1
Mallika_Sherawat,D:\Voice Authetication ESPNET\datasetvox\vox1_indian\content\vox_indian\id10724\00003_7.wav,Mallika_Sherawat,6.0897626876831055,1
Mallika_Sherawat,D:\Voice Authetication ESPNET\datasetvox\vox1_indian\content\vox_indian\id10724\00005_2.wav,Mallika_Sherawat,6.472503185272217,1
Mallika_Sherawat,D:\Voice Authetication ESPNET\datasetvox\vox1_indian\content\vox_indian\id10724\00026.wav,Mallika_Sherawat,7.518981456756592,1
Naseerudhin_Shah,D:\Voice Authetication ESPNET\datasetvox\vox1_indian\content\vox_indian\id10852\00036.wav,Naseerudhin_Shah,6.239077091217041,1
Naseerudhin_Shah,D:\Voice Authetication ESPNET\datasetvox\vox1_indian\content\vox_indian\id10852\00012.wav,Naseerudhin_Shah,8.630722999572754,1
Naseerudhin_Shah,D:\Voice Authetication ESPNET\datasetvox\vox1_indian\content\vox_indian\id10852\00038.wav,Naseerudhin_Shah,7.37477445602417,1
Naseerudhin_Shah,D:\Voice Authetication ESPNET\datasetvox\vox1_indian\content\vox_indian\id10852\00003_7.wav,Naseerudhin_Shah,10.273155212402344,1
Naseerudhin_Shah,D:\Voice Authetication ESPNET\datasetvox\vox1_indian\content\vox_indian\id10852\00069.wav,Naseerudhin_Shah,7.88695764541626,1
Naseerudhin_Shah,D:\Voice Authetication ESPNET\datasetvox\vox1_indian\content\vox_indian\id10852\00011.wav,Naseerudhin_Shah,12.294994354248049,1
Naseerudhin_Shah,D:\Voice Authetication ESPNET\datasetvox\vox1_indian\content\vox_indian\id10852\00050.wav,Naseerudhin_Shah,7.644773483276367,1
Naseerudhin_Shah,D:\Voice Authetication ESPNET\datasetvox\vox1_indian\content\vox_indian\id10852\00004_4.wav,Om_Puri,8.265953063964844,0
Naseerudhin_Shah,D:\Voice Authetication ESPNET\datasetvox\vox1_indian\content\vox_indian\id10852\00002_4.wav,Om_Puri,8.840564727783203,0
Naseerudhin_Shah,D:\Voice Authetication ESPNET\datasetvox\vox1_indian\content\vox_indian\id10852\00001_9.wav,Suraj_Sharma,8.026555061340332,0
Naseerudhin_Shah,D:\Voice Authetication ESPNET\datasetvox\vox1_indian\content\vox_indian\id10852\00003_6.wav,Om_Puri,11.602113723754885,0
Naseerudhin_Shah,D:\Voice Authetication ESPNET\datasetvox\vox1_indian\content\vox_indian\id10852\00067.wav,Naseerudhin_Shah,8.289936065673828,1
Naseerudhin_Shah,D:\Voice Authetication ESPNET\datasetvox\vox1_indian\content\vox_indian\id10852\00020.wav,Aamir_Khan,9.055118560791016,0
Naseerudhin_Shah,D:\Voice Authetication ESPNET\datasetvox\vox1_indian\content\vox_indian\id10852\00002_8.wav,Naseerudhin_Shah,8.243419647216797,1
Naseerudhin_Shah,D:\Voice Authetication ESPNET\datasetvox\vox1_indian\content\vox_indian\id10852\00013_4.wav,Naseerudhin_Shah,7.772958278656006,1
Naseerudhin_Shah,D:\Voice Authetication ESPNET\datasetvox\vox1_indian\content\vox_indian\id10852\00001_7.wav,Om_Puri,7.497823238372803,0
Naseerudhin_Shah,D:\Voice Authetication ESPNET\datasetvox\vox1_indian\content\vox_indian\id10852\00002_5.wav,Naseerudhin_Shah,9.770289421081545,1
Naseerudhin_Shah,D:\Voice Authetication ESPNET\datasetvox\vox1_indian\content\vox_indian\id10852\00003.wav,Naseerudhin_Shah,10.599238395690918,1
Naseerudhin_Shah,D:\Voice Authetication ESPNET\datasetvox\vox1_indian\content\vox_indian\id10852\00002_2.wav,Naseerudhin_Shah,8.653192520141602,1
Naseerudhin_Shah,D:\Voice Authetication ESPNET\datasetvox\vox1_indian\content\vox_indian\id10852\00015.wav,Naseerudhin_Shah,8.086712837219238,1
Naseerudhin_Shah,D:\Voice Authetication ESPNET\datasetvox\vox1_indian\content\vox_indian\id10852\00012_4.wav,Naseerudhin_Shah,9.699374198913574,1
Naseerudhin_Shah,D:\Voice Authetication ESPNET\datasetvox\vox1_indian\content\vox_indian\id10852\00018_1.wav,Naseerudhin_Shah,10.092521667480469,1
Naseerudhin_Shah,D:\Voice Authetication ESPNET\datasetvox\vox1_indian\content\vox_indian\id10852\00012_3.wav,Naseerudhin_Shah,8.606792449951172,1
Naseerudhin_Shah,D:\Voice Authetication ESPNET\datasetvox\vox1_indian\content\vox_indian\id10852\00035.wav,Naseerudhin_Shah,6.294956207275391,1
Naseerudhin_Shah,D:\Voice Authetication ESPNET\datasetvox\vox1_indian\content\vox_indian\id10852\00030.wav,Naseerudhin_Shah,8.23416519165039,1
Naseerudhin_Shah,D:\Voice Authetication ESPNET\datasetvox\vox1_indian\content\vox_indian\id10852\00003_8.wav,Naseerudhin_Shah,8.545099258422852,1
Naseerudhin_Shah,D:\Voice Authetication ESPNET\datasetvox\vox1_indian\content\vox_indian\id10852\00048.wav,Naseerudhin_Shah,9.616531372070312,1
Naseerudhin_Shah,D:\Voice Authetication ESPNET\datasetvox\vox1_indian\content\vox_indian\id10852\00002_6.wav,Randeep_Hooda,10.833166122436523,0
Naseerudhin_Shah,D:\Voice Authetication ESPNET\datasetvox\vox1_indian\content\vox_indian\id10852\00002_10.wav,Naseerudhin_Shah,6.885580062866211,1
Naseerudhin_Shah,D:\Voice Authetication ESPNET\datasetvox\vox1_indian\content\vox_indian\id10852\00008_4.wav,Naseerudhin_Shah,8.460536003112793,1
Naseerudhin_Shah,D:\Voice Authetication ESPNET\datasetvox\vox1_indian\content\vox_indian\id10852\00007.wav,Naseerudhin_Shah,8.826635360717773,1
Naseerudhin_Shah,D:\Voice Authetication ESPNET\datasetvox\vox1_indian\content\vox_indian\id10852\00008_2.wav,Preity_Zinta,7.438348293304443,0
Naseerudhin_Shah,D:\Voice Authetication ESPNET\datasetvox\vox1_indian\content\vox_indian\id10852\00004_8.wav,Naseerudhin_Shah,9.030104637145996,1
Naseerudhin_Shah,D:\Voice Authetication ESPNET\datasetvox\vox1_indian\content\vox_indian\id10852\00001_10.wav,Om_Puri,8.08098030090332,0
Naseerudhin_Shah,D:\Voice Authetication ESPNET\datasetvox\vox1_indian\content\vox_indian\id10852\00023.wav,Naseerudhin_Shah,8.504365921020508,1
Naseerudhin_Shah,D:\Voice Authetication ESPNET\datasetvox\vox1_indian\content\vox_indian\id10852\00005.wav,Aamir_Khan,8.335870742797852,0
Naseerudhin_Shah,D:\Voice Authetication ESPNET\datasetvox\vox1_indian\content\vox_indian\id10852\00064.wav,Naseerudhin_Shah,11.886101722717283,1
Naseerudhin_Shah,D:\Voice Authetication ESPNET\datasetvox\vox1_indian\content\vox_indian\id10852\00004_7.wav,Om_Puri,6.860350608825684,0
Naseerudhin_Shah,D:\Voice Authetication ESPNET\datasetvox\vox1_indian\content\vox_indian\id10852\00011_1.wav,Naseerudhin_Shah,9.531996726989746,1
Naseerudhin_Shah,D:\Voice Authetication ESPNET\datasetvox\vox1_indian\content\vox_indian\id10852\00017_2.wav,Pooja_Kumar,9.922388076782228,0
Naseerudhin_Shah,D:\Voice Authetication ESPNET\datasetvox\vox1_indian\content\vox_indian\id10852\00010_3.wav,Naseerudhin_Shah,8.190042495727539,1
Naseerudhin_Shah,D:\Voice Authetication ESPNET\datasetvox\vox1_indian\content\vox_indian\id10852\00009_4.wav,Naseerudhin_Shah,7.8659281730651855,1
Naseerudhin_Shah,D:\Voice Authetication ESPNET\datasetvox\vox1_indian\content\vox_indian\id10852\00002_7.wav,Naseerudhin_Shah,9.510549545288086,1
Naseerudhin_Shah,D:\Voice Authetication ESPNET\datasetvox\vox1_indian\content\vox_indian\id10852\00003_11.wav,Om_Puri,10.181639671325684,0
Naseerudhin_Shah,D:\Voice Authetication ESPNET\datasetvox\vox1_indian\content\vox_indian\id10852\00063.wav,Naseerudhin_Shah,11.926703453063965,1
Om_Puri,D:\Voice Authetication ESPNET\datasetvox\vox1_indian\content\vox_indian\id10901\00002_4.wav,Om_Puri,7.204009056091309,1
Om_Puri,D:\Voice Authetication ESPNET\datasetvox\vox1_indian\content\vox_indian\id10901\00001_13.wav,Om_Puri,8.093923568725586,1
Om_Puri,D:\Voice Authetication ESPNET\datasetvox\vox1_indian\content\vox_indian\id10901\00001_19.wav,Om_Puri,8.21789264678955,1
Om_Puri,D:\Voice Authetication ESPNET\datasetvox\vox1_indian\content\vox_indian\id10901\00004_3.wav,Akshay_Kumar,8.037819862365723,0
Om_Puri,D:\Voice Authetication ESPNET\datasetvox\vox1_indian\content\vox_indian\id10901\00006_7.wav,Om_Puri,6.040162563323975,1
Om_Puri,D:\Voice Authetication ESPNET\datasetvox\vox1_indian\content\vox_indian\id10901\00016_1.wav,Om_Puri,9.34101676940918,1
Om_Puri,D:\Voice Authetication ESPNET\datasetvox\vox1_indian\content\vox_indian\id10901\00008_3.wav,Om_Puri,9.176329612731934,1
Om_Puri,D:\Voice Authetication ESPNET\datasetvox\vox1_indian\content\vox_indian\id10901\00014.wav,Om_Puri,8.199853897094727,1
Om_Puri,D:\Voice Authetication ESPNET\datasetvox\vox1_indian\content\vox_indian\id10901\00003_9.wav,Om_Puri,9.651863098144531,1
Om_Puri,D:\Voice Authetication ESPNET\datasetvox\vox1_indian\content\vox_indian\id10901\00005_7.wav,Om_Puri,8.143572807312012,1
Om_Puri,D:\Voice Authetication ESPNET\datasetvox\vox1_indian\content\vox_indian\id10901\00003_13.wav,Irfan_Khan,9.471338272094728,0
Om_Puri,D:\Voice Authetication ESPNET\datasetvox\vox1_indian\content\vox_indian\id10901\00006_6.wav,Om_Puri,5.886680603027344,1
Om_Puri,D:\Voice Authetication ESPNET\datasetvox\vox1_indian\content\vox_indian\id10901\00003_2.wav,Om_Puri,8.557977676391602,1
Om_Puri,D:\Voice Authetication ESPNET\datasetvox\vox1_indian\content\vox_indian\id10901\00005_9.wav,John_Abraham,11.004297256469728,0
Om_Puri,D:\Voice Authetication ESPNET\datasetvox\vox1_indian\content\vox_indian\id10901\00001_3.wav,Amitabh_Bachchan,8.866376876831055,0
Om_Puri,D:\Voice Authetication ESPNET\datasetvox\vox1_indian\content\vox_indian\id10901\00003.wav,Om_Puri,8.373945236206055,1
Om_Puri,D:\Voice Authetication ESPNET\datasetvox\vox1_indian\content\vox_indian\id10901\00008_2.wav,Om_Puri,7.316747188568115,1
Om_Puri,D:\Voice Authetication ESPNET\datasetvox\vox1_indian\content\vox_indian\id10901\00017.wav,Om_Puri,8.165804862976074,1
Om_Puri,D:\Voice Authetication ESPNET\datasetvox\vox1_indian\content\vox_indian\id10901\00004_8.wav,Om_Puri,11.952402114868164,1
Om_Puri,D:\Voice Authetication ESPNET\datasetvox\vox1_indian\content\vox_indian\id10901\00004_4.wav,Om_Puri,10.015052795410156,1
Om_Puri,D:\Voice Authetication ESPNET\datasetvox\vox1_indian\content\vox_indian\id10901\00001_18.wav,Om_Puri,8.338339805603027,1
Om_Puri,D:\Voice Authetication ESPNET\datasetvox\vox1_indian\content\vox_indian\id10901\00006_3.wav,Om_Puri,8.08540153503418,1
Om_Puri,D:\Voice Authetication ESPNET\datasetvox\vox1_indian\content\vox_indian\id10901\00001_4.wav,Om_Puri,9.97592830657959,1
Om_Puri,D:\Voice Authetication ESPNET\datasetvox\vox1_indian\content\vox_indian\id10901\00015_1.wav,Om_Puri,7.946139812469482,1
Om_Puri,D:\Voice Authetication ESPNET\datasetvox\vox1_indian\content\vox_indian\id10901\00013_1.wav,Om_Puri,8.120866775512695,1
Om_Puri,D:\Voice Authetication ESPNET\datasetvox\vox1_indian\content\vox_indian\id10901\00012_2.wav,Om_Puri,7.797807216644287,1
Om_Puri,D:\Voice Authetication ESPNET\datasetvox\vox1_indian\content\vox_indian\id10901\00005_6.wav,Naseerudhin_Shah,10.163272857666016,0
Om_Puri,D:\Voice Authetication ESPNET\datasetvox\vox1_indian\content\vox_indian\id10901\00007_1.wav,Om_Puri,7.643706798553467,1
Om_Puri,D:\Voice Authetication ESPNET\datasetvox\vox1_indian\content\vox_indian\id10901\00001_9.wav,Om_Puri,8.973773002624512,1
Om_Puri,D:\Voice Authetication ESPNET\datasetvox\vox1_indian\content\vox_indian\id10901\00007.wav,Om_Puri,7.287851333618164,1
Om_Puri,D:\Voice Authetication ESPNET\datasetvox\vox1_indian\content\vox_indian\id10901\00010_1.wav,Om_Puri,5.302664279937744,1
Om_Puri,D:\Voice Authetication ESPNET\datasetvox\vox1_indian\content\vox_indian\id10901\00004.wav,Om_Puri,11.613295555114746,1
Om_Puri,D:\Voice Authetication ESPNET\datasetvox\vox1_indian\content\vox_indian\id10901\00004_9.wav,Om_Puri,6.3934245109558105,1
Om_Puri,D:\Voice Authetication ESPNET\datasetvox\vox1_indian\content\vox_indian\id10901\00011_1.wav,Om_Puri,5.513835430145264,1
Om_Puri,D:\Voice Authetication ESPNET\datasetvox\vox1_indian\content\vox_indian\id10901\00001_5.wav,Om_Puri,10.479863166809082,1
Om_Puri,D:\Voice Authetication ESPNET\datasetvox\vox1_indian\content\vox_indian\id10901\00003_12.wav,Om_Puri,7.168474197387695,1
Om_Puri,D:\Voice Authetication ESPNET\datasetvox\vox1_indian\content\vox_indian\id10901\00006_8.wav,Om_Puri,8.218915939331055,1
Om_Puri,D:\Voice Authetication ESPNET\datasetvox\vox1_indian\content\vox_indian\id10901\00015.wav,Om_Puri,7.549853324890137,1
Om_Puri,D:\Voice Authetication ESPNET\datasetvox\vox1_indian\content\vox_indian\id10901\00001_6.wav,Akshay_Kumar,8.869833946228027,0
Om_Puri,D:\Voice Authetication ESPNET\datasetvox\vox1_indian\content\vox_indian\id10901\00014_1.wav,Om_Puri,7.571069240570068,1
Om_Puri,D:\Voice Authetication ESPNET\datasetvox\vox1_indian\content\vox_indian\id10901\00003_5.wav,Om_Puri,10.24592399597168,1
Om_Puri,D:\Voice Authetication ESPNET\datasetvox\vox1_indian\content\vox_indian\id10901\00005.wav,Om_Puri,6.450944423675537,1
Om_Puri,D:\Voice Authetication ESPNET\datasetvox\vox1_indian\content\vox_indian\id10901\00002_5.wav,Om_Puri,8.202383995056152,1
Om_Puri,D:\Voice Authetication ESPNET\datasetvox\vox1_indian\content\vox_indian\id10901\00005_4.wav,Om_Puri,10.071223258972168,1
Om_Puri,D:\Voice Authetication ESPNET\datasetvox\vox1_indian\content\vox_indian\id10901\00003_3.wav,Om_Puri,6.718659400939941,1
Parineeti_Chopra,D:\Voice Authetication ESPNET\datasetvox\vox1_indian\content\vox_indian\id10912\00004_12.wav,Parineeti_Chopra,8.4075345993042,1
Parineeti_Chopra,D:\Voice Authetication ESPNET\datasetvox\vox1_indian\content\vox_indian\id10912\00017_5.wav,Parineeti_Chopra,8.343415260314941,1
Parineeti_Chopra,D:\Voice Authetication ESPNET\datasetvox\vox1_indian\content\vox_indian\id10912\00006_4.wav,Parineeti_Chopra,7.755978107452393,1
Parineeti_Chopra,D:\Voice Authetication ESPNET\datasetvox\vox1_indian\content\vox_indian\id10912\00002_15.wav,Aamir_Khan,9.98742389678955,0
Parineeti_Chopra,D:\Voice Authetication ESPNET\datasetvox\vox1_indian\content\vox_indian\id10912\00014_2.wav,Sonam_Kapoor,10.878547668457031,0
Parineeti_Chopra,D:\Voice Authetication ESPNET\datasetvox\vox1_indian\content\vox_indian\id10912\00001_26.wav,Sonam_Kapoor,10.014997482299805,0
Parineeti_Chopra,D:\Voice Authetication ESPNET\datasetvox\vox1_indian\content\vox_indian\id10912\00003_1.wav,Parineeti_Chopra,8.961224555969238,1
Parineeti_Chopra,D:\Voice Authetication ESPNET\datasetvox\vox1_indian\content\vox_indian\id10912\00006_10.wav,Akshay_Kumar,11.46763515472412,0
Parineeti_Chopra,D:\Voice Authetication ESPNET\datasetvox\vox1_indian\content\vox_indian\id10912\00010_6.wav,Parineeti_Chopra,8.881694793701172,1
Parineeti_Chopra,D:\Voice Authetication ESPNET\datasetvox\vox1_indian\content\vox_indian\id10912\00004_1.wav,Parineeti_Chopra,9.653026580810549,1
Parineeti_Chopra,D:\Voice Authetication ESPNET\datasetvox\vox1_indian\content\vox_indian\id10912\00003_5.wav,Parineeti_Chopra,7.149185657501221,1
Parineeti_Chopra,D:\Voice Authetication ESPNET\datasetvox\vox1_indian\content\vox_indian\id10912\00001_27.wav,Akshay_Kumar,9.973899841308594,0
Parineeti_Chopra,D:\Voice Authetication ESPNET\datasetvox\vox1_indian\content\vox_indian\id10912\00005_6.wav,Parineeti_Chopra,7.663150310516357,1
Parineeti_Chopra,D:\Voice Authetication ESPNET\datasetvox\vox1_indian\content\vox_indian\id10912\00006_7.wav,Parineeti_Chopra,12.900224685668944,1
Parineeti_Chopra,D:\Voice Authetication ESPNET\datasetvox\vox1_indian\content\vox_indian\id10912\00013_5.wav,Parineeti_Chopra,6.6488871574401855,1
Parineeti_Chopra,D:\Voice Authetication ESPNET\datasetvox\vox1_indian\content\vox_indian\id10912\00029.wav,Parineeti_Chopra,8.502182960510254,1
Parineeti_Chopra,D:\Voice Authetication ESPNET\datasetvox\vox1_indian\content\vox_indian\id10912\00003_11.wav,Parineeti_Chopra,6.461951732635498,1
Parineeti_Chopra,D:\Voice Authetication ESPNET\datasetvox\vox1_indian\content\vox_indian\id10912\00026.wav,Parineeti_Chopra,7.599303245544434,1
Parineeti_Chopra,D:\Voice Authetication ESPNET\datasetvox\vox1_indian\content\vox_indian\id10912\00015_3.wav,Parineeti_Chopra,6.8605570793151855,1
Parineeti_Chopra,D:\Voice Authetication ESPNET\datasetvox\vox1_indian\content\vox_indian\id10912\00028.wav,Parineeti_Chopra,6.739004611968994,1
Parineeti_Chopra,D:\Voice Authetication ESPNET\datasetvox\vox1_indian\content\vox_indian\id10912\00023_2.wav,Parineeti_Chopra,9.969438552856444,1
Parineeti_Chopra,D:\Voice Authetication ESPNET\datasetvox\vox1_indian\content\vox_indian\id10912\00021_2.wav,Parineeti_Chopra,5.406753540039063,1
Parineeti_Chopra,D:\Voice Authetication ESPNET\datasetvox\vox1_indian\content\vox_indian\id10912\00002_14.wav,Preity_Zinta,6.402759552001953,0
Parineeti_Chopra,D:\Voice Authetication ESPNET\datasetvox\vox1_indian\content\vox_indian\id10912\00010_1.wav,Parineeti_Chopra,7.193617343902588,1
Parineeti_Chopra,D:\Voice Authetication ESPNET\datasetvox\vox1_indian\content\vox_indian\id10912\00005_11.wav,Akshay_Kumar,9.66689682006836,0
Parineeti_Chopra,D:\Voice Authetication ESPNET\datasetvox\vox1_indian\content\vox_indian\id10912\00006_3.wav,Parineeti_Chopra,5.102519035339356,1
Parineeti_Chopra,D:\Voice Authetication ESPNET\datasetvox\vox1_indian\content\vox_indian\id10912\00024_2.wav,Parineeti_Chopra,7.530583381652832,1
Parineeti_Chopra,D:\Voice Authetication ESPNET\datasetvox\vox1_indian\content\vox_indian\id10912\00011_4.wav,Parineeti_Chopra,9.329476356506348,1
Parineeti_Chopra,D:\Voice Authetication ESPNET\datasetvox\vox1_indian\content\vox_indian\id10912\00005_8.wav,Sonam_Kapoor,13.296043395996094,0
Parineeti_Chopra,D:\Voice Authetication ESPNET\datasetvox\vox1_indian\content\vox_indian\id10912\00015_5.wav,Parineeti_Chopra,8.619848251342773,1
Parineeti_Chopra,D:\Voice Authetication ESPNET\datasetvox\vox1_indian\content\vox_indian\id10912\00019_3.wav,Parineeti_Chopra,7.065547943115234,1
Parineeti_Chopra,D:\Voice Authetication ESPNET\datasetvox\vox1_indian\content\vox_indian\id10912\00005_1.wav,Shraddha_Kapoor,9.85902500152588,0
Parineeti_Chopra,D:\Voice Authetication ESPNET\datasetvox\vox1_indian\content\vox_indian\id10912\00022_1.wav,Parineeti_Chopra,6.819366455078125,1
Parineeti_Chopra,D:\Voice Authetication ESPNET\datasetvox\vox1_indian\content\vox_indian\id10912\00017_4.wav,Parineeti_Chopra,6.646592617034912,1
Parineeti_Chopra,D:\Voice Authetication ESPNET\datasetvox\vox1_indian\content\vox_indian\id10912\00001_22.wav,Parineeti_Chopra,11.00754451751709,1
Parineeti_Chopra,D:\Voice Authetication ESPNET\datasetvox\vox1_indian\content\vox_indian\id10912\00006_11.wav,Parineeti_Chopra,10.765506744384766,1
Parineeti_Chopra,D:\Voice Authetication ESPNET\datasetvox\vox1_indian\content\vox_indian\id10912\00001.wav,Parineeti_Chopra,8.876652717590332,1
Parineeti_Chopra,D:\Voice Authetication ESPNET\datasetvox\vox1_indian\content\vox_indian\id10912\00008_3.wav,Parineeti_Chopra,6.517893314361572,1
Parineeti_Chopra,D:\Voice Authetication ESPNET\datasetvox\vox1_indian\content\vox_indian\id10912\00032.wav,Parineeti_Chopra,6.408226490020752,1
Parineeti_Chopra,D:\Voice Authetication ESPNET\datasetvox\vox1_indian\content\vox_indian\id10912\00027_1.wav,Parineeti_Chopra,8.269598960876465,1
Parineeti_Chopra,D:\Voice Authetication ESPNET\datasetvox\vox1_indian\content\vox_indian\id10912\00003_16.wav,Akshay_Kumar,9.05386447906494,0
Parineeti_Chopra,D:\Voice Authetication ESPNET\datasetvox\vox1_indian\content\vox_indian\id10912\00025_2.wav,Parineeti_Chopra,9.553878784179688,1
Parineeti_Chopra,D:\Voice Authetication ESPNET\datasetvox\vox1_indian\content\vox_indian\id10912\00017.wav,Parineeti_Chopra,9.157437324523926,1
Parineeti_Chopra,D:\Voice Authetication ESPNET\datasetvox\vox1_indian\content\vox_indian\id10912\00003.wav,Parineeti_Chopra,7.601044178009033,1
Parineeti_Chopra,D:\Voice Authetication ESPNET\datasetvox\vox1_indian\content\vox_indian\id10912\00018_3.wav,Parineeti_Chopra,8.625922203063965,1
Pooja_Kumar,D:\Voice Authetication ESPNET\datasetvox\vox1_indian\content\vox_indian\id10941\00004_5.wav,Pooja_Kumar,9.922479629516602,1
Pooja_Kumar,D:\Voice Authetication ESPNET\datasetvox\vox1_indian\content\vox_indian\id10941\00005_7.wav,Pooja_Kumar,7.238860130310059,1
Pooja_Kumar,D:\Voice Authetication ESPNET\datasetvox\vox1_indian\content\vox_indian\id10941\00007_5.wav,Pooja_Kumar,7.846964359283447,1
Pooja_Kumar,D:\Voice Authetication ESPNET\datasetvox\vox1_indian\content\vox_indian\id10941\00014_6.wav,Pooja_Kumar,7.7756147384643555,1
Pooja_Kumar,D:\Voice Authetication ESPNET\datasetvox\vox1_indian\content\vox_indian\id10941\00032.wav,Freida_Pinto,9.633711814880373,0
Pooja_Kumar,D:\Voice Authetication ESPNET\datasetvox\vox1_indian\content\vox_indian\id10941\00018_2.wav,Pooja_Kumar,7.067025661468506,1
Pooja_Kumar,D:\Voice Authetication ESPNET\datasetvox\vox1_indian\content\vox_indian\id10941\00001_8.wav,Freida_Pinto,8.095970153808594,0
Pooja_Kumar,D:\Voice Authetication ESPNET\datasetvox\vox1_indian\content\vox_indian\id10941\00016_2.wav,Pooja_Kumar,7.304564952850342,1
Pooja_Kumar,D:\Voice Authetication ESPNET\datasetvox\vox1_indian\content\vox_indian\id10941\00001_11.wav,Pooja_Kumar,12.081754684448242,1
Pooja_Kumar,D:\Voice Authetication ESPNET\datasetvox\vox1_indian\content\vox_indian\id10941\00004_8.wav,Pooja_Kumar,9.64659595489502,1
Pooja_Kumar,D:\Voice Authetication ESPNET\datasetvox\vox1_indian\content\vox_indian\id10941\00005_2.wav,Pooja_Kumar,6.019016265869141,1
Pooja_Kumar,D:\Voice Authetication ESPNET\datasetvox\vox1_indian\content\vox_indian\id10941\00003_4.wav,Pooja_Kumar,5.985082626342773,1
Pooja_Kumar,D:\Voice Authetication ESPNET\datasetvox\vox1_indian\content\vox_indian\id10941\00015_4.wav,Pooja_Kumar,6.053132057189941,1
Pooja_Kumar,D:\Voice Authetication ESPNET\datasetvox\vox1_indian\content\vox_indian\id10941\00030.wav,Pooja_Kumar,9.247721672058104,1
Pooja_Kumar,D:\Voice Authetication ESPNET\datasetvox\vox1_indian\content\vox_indian\id10941\00012_2.wav,Pooja_Kumar,7.301792621612549,1
Pooja_Kumar,D:\Voice Authetication ESPNET\datasetvox\vox1_indian\content\vox_indian\id10941\00010.wav,Pooja_Kumar,6.766358852386475,1
Pooja_Kumar,D:\Voice Authetication ESPNET\datasetvox\vox1_indian\content\vox_indian\id10941\00007_2.wav,Pooja_Kumar,8.217316627502441,1
Pooja_Kumar,D:\Voice Authetication ESPNET\datasetvox\vox1_indian\content\vox_indian\id10941\00003_5.wav,Pooja_Kumar,6.375082015991211,1
Pooja_Kumar,D:\Voice Authetication ESPNET\datasetvox\vox1_indian\content\vox_indian\id10941\00008_7.wav,Pooja_Kumar,10.25793743133545,1
Pooja_Kumar,D:\Voice Authetication ESPNET\datasetvox\vox1_indian\content\vox_indian\id10941\00009_2.wav,Pooja_Kumar,5.798793792724609,1
Pooja_Kumar,D:\Voice Authetication ESPNET\datasetvox\vox1_indian\content\vox_indian\id10941\00013_5.wav,Pooja_Kumar,11.088958740234377,1
Pooja_Kumar,D:\Voice Authetication ESPNET\datasetvox\vox1_indian\content\vox_indian\id10941\00002_5.wav,Pooja_Kumar,8.470776557922363,1
Pooja_Kumar,D:\Voice Authetication ESPNET\datasetvox\vox1_indian\content\vox_indian\id10941\00002_1.wav,Sonam_Kapoor,9.422185897827148,0
Pooja_Kumar,D:\Voice Authetication ESPNET\datasetvox\vox1_indian\content\vox_indian\id10941\00004_9.wav,Pooja_Kumar,6.6802239418029785,1
Pooja_Kumar,D:\Voice Authetication ESPNET\datasetvox\vox1_indian\content\vox_indian\id10941\00009.wav,Pooja_Kumar,8.643881797790527,1
Pooja_Kumar,D:\Voice Authetication ESPNET\datasetvox\vox1_indian\content\vox_indian\id10941\00010_4.wav,Freida_Pinto,6.897310256958008,0
Pooja_Kumar,D:\Voice Authetication ESPNET\datasetvox\vox1_indian\content\vox_indian\id10941\00012_6.wav,Pooja_Kumar,6.857879638671875,1
Pooja_Kumar,D:\Voice Authetication ESPNET\datasetvox\vox1_indian\content\vox_indian\id10941\00014_2.wav,John_Abraham,9.19895362854004,0
Pooja_Kumar,D:\Voice Authetication ESPNET\datasetvox\vox1_indian\content\vox_indian\id10941\00008_3.wav,Mallika_Sherawat,7.868781089782715,0
Pooja_Kumar,D:\Voice Authetication ESPNET\datasetvox\vox1_indian\content\vox_indian\id10941\00001_2.wav,Pooja_Kumar,6.279393196105957,1
Pooja_Kumar,D:\Voice Authetication ESPNET\datasetvox\vox1_indian\content\vox_indian\id10941\00027_1.wav,Pooja_Kumar,7.505570888519287,1
Pooja_Kumar,D:\Voice Authetication ESPNET\datasetvox\vox1_indian\content\vox_indian\id10941\00002.wav,Amitabh_Bachchan,9.353293418884276,0
Pooja_Kumar,D:\Voice Authetication ESPNET\datasetvox\vox1_indian\content\vox_indian\id10941\00001_1.wav,Shahid_Kapoor,8.066290855407715,0
Pooja_Kumar,D:\Voice Authetication ESPNET\datasetvox\vox1_indian\content\vox_indian\id10941\00005_5.wav,Pooja_Kumar,5.819316864013672,1
Pooja_Kumar,D:\Voice Authetication ESPNET\datasetvox\vox1_indian\content\vox_indian\id10941\00006_7.wav,Freida_Pinto,8.861001014709473,0
Pooja_Kumar,D:\Voice Authetication ESPNET\datasetvox\vox1_indian\content\vox_indian\id10941\00002_8.wav,Pooja_Kumar,7.04991626739502,1
Pooja_Kumar,D:\Voice Authetication ESPNET\datasetvox\vox1_indian\content\vox_indian\id10941\00003_3.wav,Pooja_Kumar,8.098265647888184,1
Pooja_Kumar,D:\Voice Authetication ESPNET\datasetvox\vox1_indian\content\vox_indian\id10941\00025_2.wav,Pooja_Kumar,9.373526573181152,1
Pooja_Kumar,D:\Voice Authetication ESPNET\datasetvox\vox1_indian\content\vox_indian\id10941\00021_2.wav,Pooja_Kumar,6.652454853057861,1
Pooja_Kumar,D:\Voice Authetication ESPNET\datasetvox\vox1_indian\content\vox_indian\id10941\00010_1.wav,Pooja_Kumar,10.459773063659668,1
Pooja_Kumar,D:\Voice Authetication ESPNET\datasetvox\vox1_indian\content\vox_indian\id10941\00033_1.wav,Pooja_Kumar,6.845208644866943,1
Pooja_Kumar,D:\Voice Authetication ESPNET\datasetvox\vox1_indian\content\vox_indian\id10941\00017_2.wav,Pooja_Kumar,9.18799114227295,1
Pooja_Kumar,D:\Voice Authetication ESPNET\datasetvox\vox1_indian\content\vox_indian\id10941\00020_1.wav,Amitabh_Bachchan,13.993057250976562,0
Pooja_Kumar,D:\Voice Authetication ESPNET\datasetvox\vox1_indian\content\vox_indian\id10941\00002_9.wav,Pooja_Kumar,6.978652477264404,1
Pooja_Kumar,D:\Voice Authetication ESPNET\datasetvox\vox1_indian\content\vox_indian\id10941\00028_1.wav,Pooja_Kumar,7.403574466705322,1
Preity_Zinta,D:\Voice Authetication ESPNET\datasetvox\vox1_indian\content\vox_indian\id10943\00014_6.wav,Preity_Zinta,5.331957817077637,1
Preity_Zinta,D:\Voice Authetication ESPNET\datasetvox\vox1_indian\content\vox_indian\id10943\00018_4.wav,Shraddha_Kapoor,6.4951605796813965,0
Preity_Zinta,D:\Voice Authetication ESPNET\datasetvox\vox1_indian\content\vox_indian\id10943\00009.wav,Amitabh_Bachchan,13.14955234527588,0
Preity_Zinta,D:\Voice Authetication ESPNET\datasetvox\vox1_indian\content\vox_indian\id10943\00007_3.wav,Sonam_Kapoor,6.995112895965576,0
Preity_Zinta,D:\Voice Authetication ESPNET\datasetvox\vox1_indian\content\vox_indian\id10943\00002_2.wav,Pooja_Kumar,9.066533088684082,0
Preity_Zinta,D:\Voice Authetication ESPNET\datasetvox\vox1_indian\content\vox_indian\id10943\00025_4.wav,Om_Puri,7.816524028778076,0
Preity_Zinta,D:\Voice Authetication ESPNET\datasetvox\vox1_indian\content\vox_indian\id10943\00012_3.wav,Suraj_Sharma,9.520033836364746,0
Preity_Zinta,D:\Voice Authetication ESPNET\datasetvox\vox1_indian\content\vox_indian\id10943\00008_7.wav,Akshay_Kumar,7.424842357635498,0
Preity_Zinta,D:\Voice Authetication ESPNET\datasetvox\vox1_indian\content\vox_indian\id10943\00039.wav,Preity_Zinta,9.57253646850586,1
Preity_Zinta,D:\Voice Authetication ESPNET\datasetvox\vox1_indian\content\vox_indian\id10943\00019_2.wav,Om_Puri,9.497138023376465,0
Preity_Zinta,D:\Voice Authetication ESPNET\datasetvox\vox1_indian\content\vox_indian\id10943\00004_4.wav,Akshay_Kumar,8.534001350402832,0
Preity_Zinta,D:\Voice Authetication ESPNET\datasetvox\vox1_indian\content\vox_indian\id10943\00006_7.wav,Akshay_Kumar,8.107962608337402,0
Preity_Zinta,D:\Voice Authetication ESPNET\datasetvox\vox1_indian\content\vox_indian\id10943\00028_3.wav,Om_Puri,8.992460250854492,0
Preity_Zinta,D:\Voice Authetication ESPNET\datasetvox\vox1_indian\content\vox_indian\id10943\00023_1.wav,Suraj_Sharma,7.656470775604248,0
Preity_Zinta,D:\Voice Authetication ESPNET\datasetvox\vox1_indian\content\vox_indian\id10943\00002_6.wav,Om_Puri,9.528286933898926,0
Preity_Zinta,D:\Voice Authetication ESPNET\datasetvox\vox1_indian\content\vox_indian\id10943\00025_1.wav,Sonam_Kapoor,6.484948635101318,0
Preity_Zinta,D:\Voice Authetication ESPNET\datasetvox\vox1_indian\content\vox_indian\id10943\00002_4.wav,Ranbir_Kapoor,11.129444122314451,0
Preity_Zinta,D:\Voice Authetication ESPNET\datasetvox\vox1_indian\content\vox_indian\id10943\00015_4.wav,Mallika_Sherawat,5.796464443206787,0
Preity_Zinta,D:\Voice Authetication ESPNET\datasetvox\vox1_indian\content\vox_indian\id10943\00030_1.wav,Amitabh_Bachchan,10.798187255859377,0
Preity_Zinta,D:\Voice Authetication ESPNET\datasetvox\vox1_indian\content\vox_indian\id10943\00034.wav,Shahid_Kapoor,6.66174840927124,0
Preity_Zinta,D:\Voice Authetication ESPNET\datasetvox\vox1_indian\content\vox_indian\id10943\00005_7.wav,Om_Puri,7.949987888336182,0
Preity_Zinta,D:\Voice Authetication ESPNET\datasetvox\vox1_indian\content\vox_indian\id10943\00013_5.wav,Akshay_Kumar,7.906057357788086,0
Preity_Zinta,D:\Voice Authetication ESPNET\datasetvox\vox1_indian\content\vox_indian\id10943\00005_9.wav,Parineeti_Chopra,5.807345390319824,0
Preity_Zinta,D:\Voice Authetication ESPNET\datasetvox\vox1_indian\content\vox_indian\id10943\00004_11.wav,Mallika_Sherawat,8.643633842468262,0
Preity_Zinta,D:\Voice Authetication ESPNET\datasetvox\vox1_indian\content\vox_indian\id10943\00029_1.wav,Sonam_Kapoor,8.525532722473145,0
Preity_Zinta,D:\Voice Authetication ESPNET\datasetvox\vox1_indian\content\vox_indian\id10943\00001_18.wav,Om_Puri,9.646665573120115,0
Preity_Zinta,D:\Voice Authetication ESPNET\datasetvox\vox1_indian\content\vox_indian\id10943\00007_6.wav,Shraddha_Kapoor,6.707356452941895,0
Preity_Zinta,D:\Voice Authetication ESPNET\datasetvox\vox1_indian\content\vox_indian\id10943\00001_2.wav,Freida_Pinto,7.530981540679932,0
Preity_Zinta,D:\Voice Authetication ESPNET\datasetvox\vox1_indian\content\vox_indian\id10943\00021.wav,Suraj_Sharma,9.306977272033691,0
Preity_Zinta,D:\Voice Authetication ESPNET\datasetvox\vox1_indian\content\vox_indian\id10943\00002_7.wav,Sonam_Kapoor,7.734727382659912,0
Preity_Zinta,D:\Voice Authetication ESPNET\datasetvox\vox1_indian\content\vox_indian\id10943\00013_4.wav,Mallika_Sherawat,6.361424922943115,0
Preity_Zinta,D:\Voice Authetication ESPNET\datasetvox\vox1_indian\content\vox_indian\id10943\00013_7.wav,Ranbir_Kapoor,11.216148376464844,0
Preity_Zinta,D:\Voice Authetication ESPNET\datasetvox\vox1_indian\content\vox_indian\id10943\00005_5.wav,Parineeti_Chopra,8.462874412536621,0
Preity_Zinta,D:\Voice Authetication ESPNET\datasetvox\vox1_indian\content\vox_indian\id10943\00013.wav,Preity_Zinta,7.333145618438721,1
Preity_Zinta,D:\Voice Authetication ESPNET\datasetvox\vox1_indian\content\vox_indian\id10943\00007_5.wav,Sonam_Kapoor,6.310622215270996,0
Preity_Zinta,D:\Voice Authetication ESPNET\datasetvox\vox1_indian\content\vox_indian\id10943\00001_21.wav,Pooja_Kumar,10.258374214172363,0
Preity_Zinta,D:\Voice Authetication ESPNET\datasetvox\vox1_indian\content\vox_indian\id10943\00031_4.wav,Preity_Zinta,9.55163288116455,1
Preity_Zinta,D:\Voice Authetication ESPNET\datasetvox\vox1_indian\content\vox_indian\id10943\00041.wav,Amitabh_Bachchan,10.18896198272705,0
Preity_Zinta,D:\Voice Authetication ESPNET\datasetvox\vox1_indian\content\vox_indian\id10943\00024_2.wav,Sonam_Kapoor,7.112767696380615,0
Preity_Zinta,D:\Voice Authetication ESPNET\datasetvox\vox1_indian\content\vox_indian\id10943\00012_5.wav,Akshay_Kumar,7.018242359161377,0
Preity_Zinta,D:\Voice Authetication ESPNET\datasetvox\vox1_indian\content\vox_indian\id10943\00037.wav,Sonam_Kapoor,9.290266036987305,0
Preity_Zinta,D:\Voice Authetication ESPNET\datasetvox\vox1_indian\content\vox_indian\id10943\00001_12.wav,Akshay_Kumar,7.615589618682861,0
Preity_Zinta,D:\Voice Authetication ESPNET\datasetvox\vox1_indian\content\vox_indian\id10943\00025_3.wav,Shraddha_Kapoor,7.417675018310547,0
Preity_Zinta,D:\Voice Authetication ESPNET\datasetvox\vox1_indian\content\vox_indian\id10943\00001_8.wav,Akshay_Kumar,8.606277465820312,0
Preity_Zinta,D:\Voice Authetication ESPNET\datasetvox\vox1_indian\content\vox_indian\id10943\00017_5.wav,Akshay_Kumar,7.676336765289307,0
Ranbir_Kapoor,D:\Voice Authetication ESPNET\datasetvox\vox1_indian\content\vox_indian\id10955\00010_5.wav,Ranbir_Kapoor,7.896399021148682,1
Ranbir_Kapoor,D:\Voice Authetication ESPNET\datasetvox\vox1_indian\content\vox_indian\id10955\00010_8.wav,Ranbir_Kapoor,6.905154705047607,1
Ranbir_Kapoor,D:\Voice Authetication ESPNET\datasetvox\vox1_indian\content\vox_indian\id10955\00001_12.wav,Ranbir_Kapoor,7.139396190643311,1
Ranbir_Kapoor,D:\Voice Authetication ESPNET\datasetvox\vox1_indian\content\vox_indian\id10955\00010_4.wav,Ranbir_Kapoor,6.6286492347717285,1
Ranbir_Kapoor,D:\Voice Authetication ESPNET\datasetvox\vox1_indian\content\vox_indian\id10955\00007_9.wav,Ranbir_Kapoor,6.749951362609863,1
Ranbir_Kapoor,D:\Voice Authetication ESPNET\datasetvox\vox1_indian\content\vox_indian\id10955\00001_1.wav,Ranbir_Kapoor,5.989173412322998,1
Ranbir_Kapoor,D:\Voice Authetication ESPNET\datasetvox\vox1_indian\content\vox_indian\id10955\00021_3.wav,John_Abraham,9.288393020629885,0
Ranbir_Kapoor,D:\Voice Authetication ESPNET\datasetvox\vox1_indian\content\vox_indian\id10955\00016.wav,Ranbir_Kapoor,7.903679847717285,1
Ranbir_Kapoor,D:\Voice Authetication ESPNET\datasetvox\vox1_indian\content\vox_indian\id10955\00011_8.wav,Ranbir_Kapoor,8.349584579467773,1
Ranbir_Kapoor,D:\Voice Authetication ESPNET\datasetvox\vox1_indian\content\vox_indian\id10955\00006_10.wav,Ranbir_Kapoor,6.464246273040772,1
Ranbir_Kapoor,D:\Voice Authetication ESPNET\datasetvox\vox1_indian\content\vox_indian\id10955\00007_10.wav,Ranbir_Kapoor,6.996915817260742,1
Ranbir_Kapoor,D:\Voice Authetication ESPNET\datasetvox\vox1_indian\content\vox_indian\id10955\00003_8.wav,Om_Puri,8.869674682617188,0
Ranbir_Kapoor,D:\Voice Authetication ESPNET\datasetvox\vox1_indian\content\vox_indian\id10955\00014_3.wav,Ranbir_Kapoor,6.515513896942139,1
Ranbir_Kapoor,D:\Voice Authetication ESPNET\datasetvox\vox1_indian\content\vox_indian\id10955\00005_2.wav,Amitabh_Bachchan,8.527304649353027,0
Ranbir_Kapoor,D:\Voice Authetication ESPNET\datasetvox\vox1_indian\content\vox_indian\id10955\00016_5.wav,Ranbir_Kapoor,11.78004550933838,1
Ranbir_Kapoor,D:\Voice Authetication ESPNET\datasetvox\vox1_indian\content\vox_indian\id10955\00003_1.wav,Shahid_Kapoor,6.417736530303955,0
Ranbir_Kapoor,D:\Voice Authetication ESPNET\datasetvox\vox1_indian\content\vox_indian\id10955\00031.wav,Shahid_Kapoor,8.292154312133789,0
Ranbir_Kapoor,D:\Voice Authetication ESPNET\datasetvox\vox1_indian\content\vox_indian\id10955\00002_12.wav,Naseerudhin_Shah,9.33749008178711,0
Ranbir_Kapoor,D:\Voice Authetication ESPNET\datasetvox\vox1_indian\content\vox_indian\id10955\00006_2.wav,Amitabh_Bachchan,9.297403335571287,0
Ranbir_Kapoor,D:\Voice Authetication ESPNET\datasetvox\vox1_indian\content\vox_indian\id10955\00002_16.wav,Ranbir_Kapoor,8.485514640808105,1
Ranbir_Kapoor,D:\Voice Authetication ESPNET\datasetvox\vox1_indian\content\vox_indian\id10955\00022_1.wav,Ranbir_Kapoor,7.856109142303467,1
Ranbir_Kapoor,D:\Voice Authetication ESPNET\datasetvox\vox1_indian\content\vox_indian\id10955\00002_17.wav,Ranbir_Kapoor,8.723932266235352,1
Ranbir_Kapoor,D:\Voice Authetication ESPNET\datasetvox\vox1_indian\content\vox_indian\id10955\00002_14.wav,Irfan_Khan,5.9615254402160645,0
Ranbir_Kapoor,D:\Voice Authetication ESPNET\datasetvox\vox1_indian\content\vox_indian\id10955\00006_3.wav,Ranbir_Kapoor,6.542229652404785,1
Ranbir_Kapoor,D:\Voice Authetication ESPNET\datasetvox\vox1_indian\content\vox_indian\id10955\00010_2.wav,Ranbir_Kapoor,7.497855186462402,1
Ranbir_Kapoor,D:\Voice Authetication ESPNET\datasetvox\vox1_indian\content\vox_indian\id10955\00018_3.wav,Akshay_Kumar,9.314431190490724,0
Ranbir_Kapoor,D:\Voice Authetication ESPNET\datasetvox\vox1_indian\content\vox_indian\id10955\00016_2.wav,Ranbir_Kapoor,8.730813980102539,1
Ranbir_Kapoor,D:\Voice Authetication ESPNET\datasetvox\vox1_indian\content\vox_indian\id10955\00028.wav,Ranbir_Kapoor,7.156950950622559,1
Ranbir_Kapoor,D:\Voice Authetication ESPNET\datasetvox\vox1_indian\content\vox_indian\id10955\00003_10.wav,Ranbir_Kapoor,9.423711776733398,1
Ranbir_Kapoor,D:\Voice Authetication ESPNET\datasetvox\vox1_indian\content\vox_indian\id10955\00006_5.wav,Ranbir_Kapoor,8.325916290283203,1
Ranbir_Kapoor,D:\Voice Authetication ESPNET\datasetvox\vox1_indian\content\vox_indian\id10955\00020.wav,Ranbir_Kapoor,8.011338233947754,1
Ranbir_Kapoor,D:\Voice Authetication ESPNET\datasetvox\vox1_indian\content\vox_indian\id10955\00015.wav,Ranbir_Kapoor,7.240812301635742,1
Ranbir_Kapoor,D:\Voice Authetication ESPNET\datasetvox\vox1_indian\content\vox_indian\id10955\00009_2.wav,Ranbir_Kapoor,7.686736106872559,1
Ranbir_Kapoor,D:\Voice Authetication ESPNET\datasetvox\vox1_indian\content\vox_indian\id10955\00003_15.wav,Ranbir_Kapoor,7.302167892456055,1
Ranbir_Kapoor,D:\Voice Authetication ESPNET\datasetvox\vox1_indian\content\vox_indian\id10955\00010_7.wav,Ranbir_Kapoor,7.44853925704956,1
Ranbir_Kapoor,D:\Voice Authetication ESPNET\datasetvox\vox1_indian\content\vox_indian\id10955\00002_4.wav,Ranbir_Kapoor,7.407748222351074,1
Ranbir_Kapoor,D:\Voice Authetication ESPNET\datasetvox\vox1_indian\content\vox_indian\id10955\00015_4.wav,Om_Puri,10.356927871704102,0
Ranbir_Kapoor,D:\Voice Authetication ESPNET\datasetvox\vox1_indian\content\vox_indian\id10955\00017_1.wav,Ranbir_Kapoor,7.455705642700195,1
Ranbir_Kapoor,D:\Voice Authetication ESPNET\datasetvox\vox1_indian\content\vox_indian\id10955\00024.wav,Ranbir_Kapoor,8.531349182128906,1
Ranbir_Kapoor,D:\Voice Authetication ESPNET\datasetvox\vox1_indian\content\vox_indian\id10955\00001_15.wav,Om_Puri,9.99873161315918,0
Ranbir_Kapoor,D:\Voice Authetication ESPNET\datasetvox\vox1_indian\content\vox_indian\id10955\00021_1.wav,Ranbir_Kapoor,9.31377410888672,1
Ranbir_Kapoor,D:\Voice Authetication ESPNET\datasetvox\vox1_indian\content\vox_indian\id10955\00006_6.wav,Ranbir_Kapoor,5.858726501464844,1
Ranbir_Kapoor,D:\Voice Authetication ESPNET\datasetvox\vox1_indian\content\vox_indian\id10955\00001_20.wav,Ranbir_Kapoor,7.191952228546143,1
Ranbir_Kapoor,D:\Voice Authetication ESPNET\datasetvox\vox1_indian\content\vox_indian\id10955\00028_1.wav,John_Abraham,10.30241584777832,0
Ranbir_Kapoor,D:\Voice Authetication ESPNET\datasetvox\vox1_indian\content\vox_indian\id10955\00005_12.wav,Ranbir_Kapoor,7.631050586700439,1
Randeep_Hooda,D:\Voice Authetication ESPNET\datasetvox\vox1_indian\content\vox_indian\id10956\00005_9.wav,Amitabh_Bachchan,7.432648658752441,0
Randeep_Hooda,D:\Voice Authetication ESPNET\datasetvox\vox1_indian\content\vox_indian\id10956\00010_4.wav,Shahid_Kapoor,6.904648303985596,0
Randeep_Hooda,D:\Voice Authetication ESPNET\datasetvox\vox1_indian\content\vox_indian\id10956\00016_3.wav,Aamir_Khan,7.083409309387207,0
Randeep_Hooda,D:\Voice Authetication ESPNET\datasetvox\vox1_indian\content\vox_indian\id10956\00016_2.wav,Shahid_Kapoor,7.662181377410889,0
Randeep_Hooda,D:\Voice Authetication ESPNET\datasetvox\vox1_indian\content\vox_indian\id10956\00013_3.wav,Naseerudhin_Shah,8.586801528930664,0
Randeep_Hooda,D:\Voice Authetication ESPNET\datasetvox\vox1_indian\content\vox_indian\id10956\00004_13.wav,Naseerudhin_Shah,7.12904691696167,0
Randeep_Hooda,D:\Voice Authetication ESPNET\datasetvox\vox1_indian\content\vox_indian\id10956\00011_7.wav,Akshay_Kumar,8.36228084564209,0
Randeep_Hooda,D:\Voice Authetication ESPNET\datasetvox\vox1_indian\content\vox_indian\id10956\00002.wav,Shahid_Kapoor,8.832114219665527,0
Randeep_Hooda,D:\Voice Authetication ESPNET\datasetvox\vox1_indian\content\vox_indian\id10956\00015.wav,Om_Puri,9.218575477600098,0
Randeep_Hooda,D:\Voice Authetication ESPNET\datasetvox\vox1_indian\content\vox_indian\id10956\00009_1.wav,Akshay_Kumar,10.972738265991213,0
Randeep_Hooda,D:\Voice Authetication ESPNET\datasetvox\vox1_indian\content\vox_indian\id10956\00007_7.wav,Shahid_Kapoor,8.506133079528809,0
Randeep_Hooda,D:\Voice Authetication ESPNET\datasetvox\vox1_indian\content\vox_indian\id10956\00009_2.wav,Akshay_Kumar,9.336724281311035,0
Randeep_Hooda,D:\Voice Authetication ESPNET\datasetvox\vox1_indian\content\vox_indian\id10956\00002_14.wav,Naseerudhin_Shah,7.483713626861572,0
Randeep_Hooda,D:\Voice Authetication ESPNET\datasetvox\vox1_indian\content\vox_indian\id10956\00021_2.wav,Amitabh_Bachchan,7.980669975280762,0
Randeep_Hooda,D:\Voice Authetication ESPNET\datasetvox\vox1_indian\content\vox_indian\id10956\00016_4.wav,Shahid_Kapoor,7.853540897369385,0
Randeep_Hooda,D:\Voice Authetication ESPNET\datasetvox\vox1_indian\content\vox_indian\id10956\00001_19.wav,Akshay_Kumar,10.816679954528809,0
Randeep_Hooda,D:\Voice Authetication ESPNET\datasetvox\vox1_indian\content\vox_indian\id10956\00002_16.wav,Naseerudhin_Shah,8.249756813049316,0
Randeep_Hooda,D:\Voice Authetication ESPNET\datasetvox\vox1_indian\content\vox_indian\id10956\00004_14.wav,Akshay_Kumar,7.201922416687012,0
Randeep_Hooda,D:\Voice Authetication ESPNET\datasetvox\vox1_indian\content\vox_indian\id10956\00001_14.wav,Om_Puri,10.055044174194336,0
Randeep_Hooda,D:\Voice Authetication ESPNET\datasetvox\vox1_indian\content\vox_indian\id10956\00022.wav,Om_Puri,8.057168006896973,0
Randeep_Hooda,D:\Voice Authetication ESPNET\datasetvox\vox1_indian\content\vox_indian\id10956\00009_3.wav,Om_Puri,7.950360774993896,0
Randeep_Hooda,D:\Voice Authetication ESPNET\datasetvox\vox1_indian\content\vox_indian\id10956\00003_10.wav,Shahid_Kapoor,6.644927024841309,0
Randeep_Hooda,D:\Voice Authetication ESPNET\datasetvox\vox1_indian\content\vox_indian\id10956\00008_1.wav,Akshay_Kumar,9.235526084899902,0
Randeep_Hooda,D:\Voice Authetication ESPNET\datasetvox\vox1_indian\content\vox_indian\id10956\00006.wav,Shahid_Kapoor,9.502306938171388,0
Randeep_Hooda,D:\Voice Authetication ESPNET\datasetvox\vox1_indian\content\vox_indian\id10956\00026_1.wav,John_Abraham,6.636473178863525,0
Randeep_Hooda,D:\Voice Authetication ESPNET\datasetvox\vox1_indian\content\vox_indian\id10956\00001_18.wav,Naseerudhin_Shah,8.2330322265625,0
Randeep_Hooda,D:\Voice Authetication ESPNET\datasetvox\vox1_indian\content\vox_indian\id10956\00011_2.wav,Vidya_Balan,12.836297035217283,0
Randeep_Hooda,D:\Voice Authetication ESPNET\datasetvox\vox1_indian\content\vox_indian\id10956\00001_15.wav,John_Abraham,10.029470443725586,0
Randeep_Hooda,D:\Voice Authetication ESPNET\datasetvox\vox1_indian\content\vox_indian\id10956\00020.wav,Akshay_Kumar,10.864559173583984,0
Randeep_Hooda,D:\Voice Authetication ESPNET\datasetvox\vox1_indian\content\vox_indian\id10956\00014_5.wav,Randeep_Hooda,8.531496047973633,1
Randeep_Hooda,D:\Voice Authetication ESPNET\datasetvox\vox1_indian\content\vox_indian\id10956\00032.wav,Shahid_Kapoor,9.077225685119627,0
Randeep_Hooda,D:\Voice Authetication ESPNET\datasetvox\vox1_indian\content\vox_indian\id10956\00006_9.wav,Amitabh_Bachchan,8.239354133605957,0
Randeep_Hooda,D:\Voice Authetication ESPNET\datasetvox\vox1_indian\content\vox_indian\id10956\00034.wav,Naseerudhin_Shah,8.859404563903809,0
Randeep_Hooda,D:\Voice Authetication ESPNET\datasetvox\vox1_indian\content\vox_indian\id10956\00030.wav,Shahid_Kapoor,7.691214084625244,0
Randeep_Hooda,D:\Voice Authetication ESPNET\datasetvox\vox1_indian\content\vox_indian\id10956\00001_2.wav,Suraj_Sharma,7.7018656730651855,0
Randeep_Hooda,D:\Voice Authetication ESPNET\datasetvox\vox1_indian\content\vox_indian\id10956\00001_16.wav,Naseerudhin_Shah,9.298483848571776,0
Randeep_Hooda,D:\Voice Authetication ESPNET\datasetvox\vox1_indian\content\vox_indian\id10956\00002_4.wav,Ranbir_Kapoor,8.308672904968262,0
Randeep_Hooda,D:\Voice Authetication ESPNET\datasetvox\vox1_indian\content\vox_indian\id10956\00017.wav,Om_Puri,10.037094116210938,0
Randeep_Hooda,D:\Voice Authetication ESPNET\datasetvox\vox1_indian\content\vox_indian\id10956\00001_3.wav,Om_Puri,8.77077579498291,0
Randeep_Hooda,D:\Voice Authetication ESPNET\datasetvox\vox1_indian\content\vox_indian\id10956\00019_2.wav,Aamir_Khan,8.23790168762207,0
Randeep_Hooda,D:\Voice Authetication ESPNET\datasetvox\vox1_indian\content\vox_indian\id10956\00005_4.wav,Shahid_Kapoor,10.931642532348633,0
Randeep_Hooda,D:\Voice Authetication ESPNET\datasetvox\vox1_indian\content\vox_indian\id10956\00013_6.wav,Akshay_Kumar,6.680464744567871,0
Randeep_Hooda,D:\Voice Authetication ESPNET\datasetvox\vox1_indian\content\vox_indian\id10956\00001_12.wav,Shahid_Kapoor,8.539749145507812,0
Randeep_Hooda,D:\Voice Authetication ESPNET\datasetvox\vox1_indian\content\vox_indian\id10956\00013_1.wav,Akshay_Kumar,10.09726333618164,0
Randeep_Hooda,D:\Voice Authetication ESPNET\datasetvox\vox1_indian\content\vox_indian\id10956\00008_4.wav,Shahid_Kapoor,8.012682914733887,0
Shahid_Kapoor,D:\Voice Authetication ESPNET\datasetvox\vox1_indian\content\vox_indian\id11071\00007_3.wav,Shahid_Kapoor,9.505149841308594,1
Shahid_Kapoor,D:\Voice Authetication ESPNET\datasetvox\vox1_indian\content\vox_indian\id11071\00004_6.wav,Shahid_Kapoor,8.73090648651123,1
Shahid_Kapoor,D:\Voice Authetication ESPNET\datasetvox\vox1_indian\content\vox_indian\id11071\00001_8.wav,Ranbir_Kapoor,7.723621368408203,0
Shahid_Kapoor,D:\Voice Authetication ESPNET\datasetvox\vox1_indian\content\vox_indian\id11071\00015.wav,Shahid_Kapoor,8.268194198608398,1
Shahid_Kapoor,D:\Voice Authetication ESPNET\datasetvox\vox1_indian\content\vox_indian\id11071\00007.wav,Shahid_Kapoor,7.943885326385498,1
Shahid_Kapoor,D:\Voice Authetication ESPNET\datasetvox\vox1_indian\content\vox_indian\id11071\00006_3.wav,Shahid_Kapoor,7.580684661865234,1
Shahid_Kapoor,D:\Voice Authetication ESPNET\datasetvox\vox1_indian\content\vox_indian\id11071\00011_1.wav,Shahid_Kapoor,7.605403423309326,1
Shahid_Kapoor,D:\Voice Authetication ESPNET\datasetvox\vox1_indian\content\vox_indian\id11071\00016.wav,Shahid_Kapoor,7.944130897521973,1
Shahid_Kapoor,D:\Voice Authetication ESPNET\datasetvox\vox1_indian\content\vox_indian\id11071\00005_8.wav,Shahid_Kapoor,6.533568382263184,1
Shahid_Kapoor,D:\Voice Authetication ESPNET\datasetvox\vox1_indian\content\vox_indian\id11071\00002_5.wav,Ranbir_Kapoor,7.5942535400390625,0
Shahid_Kapoor,D:\Voice Authetication ESPNET\datasetvox\vox1_indian\content\vox_indian\id11071\00006_1.wav,Shahid_Kapoor,7.522582530975342,1
Shahid_Kapoor,D:\Voice Authetication ESPNET\datasetvox\vox1_indian\content\vox_indian\id11071\00002_2.wav,Shahid_Kapoor,8.139898300170898,1
Shahid_Kapoor,D:\Voice Authetication ESPNET\datasetvox\vox1_indian\content\vox_indian\id11071\00012_1.wav,Shahid_Kapoor,5.637332439422607,1
Shahid_Kapoor,D:\Voice Authetication ESPNET\datasetvox\vox1_indian\content\vox_indian\id11071\00006.wav,Shahid_Kapoor,7.356289386749268,1
Shahid_Kapoor,D:\Voice Authetication ESPNET\datasetvox\vox1_indian\content\vox_indian\id11071\00009.wav,Shahid_Kapoor,7.978242874145508,1
Shahid_Kapoor,D:\Voice Authetication ESPNET\datasetvox\vox1_indian\content\vox_indian\id11071\00009_2.wav,Shahid_Kapoor,8.071451187133789,1
Shahid_Kapoor,D:\Voice Authetication ESPNET\datasetvox\vox1_indian\content\vox_indian\id11071\00003_4.wav,John_Abraham,8.278837203979492,0
Shahid_Kapoor,D:\Voice Authetication ESPNET\datasetvox\vox1_indian\content\vox_indian\id11071\00001_14.wav,John_Abraham,8.066396713256836,0
Shahid_Kapoor,D:\Voice Authetication ESPNET\datasetvox\vox1_indian\content\vox_indian\id11071\00012.wav,Shahid_Kapoor,7.927835464477539,1
Shahid_Kapoor,D:\Voice Authetication ESPNET\datasetvox\vox1_indian\content\vox_indian\id11071\00019.wav,Amitabh_Bachchan,13.22244930267334,0
Shahid_Kapoor,D:\Voice Authetication ESPNET\datasetvox\vox1_indian\content\vox_indian\id11071\00001_15.wav,Shahid_Kapoor,7.067158222198486,1
Shahid_Kapoor,D:\Voice Authetication ESPNET\datasetvox\vox1_indian\content\vox_indian\id11071\00009_3.wav,Om_Puri,9.884730339050291,0
Shahid_Kapoor,D:\Voice Authetication ESPNET\datasetvox\vox1_indian\content\vox_indian\id11071\00003_8.wav,Shahid_Kapoor,6.403251647949219,1
Shahid_Kapoor,D:\Voice Authetication ESPNET\datasetvox\vox1_indian\content\vox_indian\id11071\00023.wav,Shahid_Kapoor,10.403969764709473,1
Shahid_Kapoor,D:\Voice Authetication ESPNET\datasetvox\vox1_indian\content\vox_indian\id11071\00002_4.wav,Shahid_Kapoor,6.140132427215576,1
Shahid_Kapoor,D:\Voice Authetication ESPNET\datasetvox\vox1_indian\content\vox_indian\id11071\00013.wav,Shahid_Kapoor,9.779760360717772,1
Shahid_Kapoor,D:\Voice Authetication ESPNET\datasetvox\vox1_indian\content\vox_indian\id11071\00008_2.wav,Shahid_Kapoor,7.021337985992432,1
Shahid_Kapoor,D:\Voice Authetication ESPNET\datasetvox\vox1_indian\content\vox_indian\id11071\00020.wav,Shahid_Kapoor,7.210865020751953,1
Shahid_Kapoor,D:\Voice Authetication ESPNET\datasetvox\vox1_indian\content\vox_indian\id11071\00007_6.wav,Shahid_Kapoor,7.982065200805664,1
Shahid_Kapoor,D:\Voice Authetication ESPNET\datasetvox\vox1_indian\content\vox_indian\id11071\00002_12.wav,Akshay_Kumar,9.839688301086426,0
Shahid_Kapoor,D:\Voice Authetication ESPNET\datasetvox\vox1_indian\content\vox_indian\id11071\00008_1.wav,Shahid_Kapoor,9.559088706970217,1
Shahid_Kapoor,D:\Voice Authetication ESPNET\datasetvox\vox1_indian\content\vox_indian\id11071\00002_10.wav,Shahid_Kapoor,8.392322540283203,1
Shahid_Kapoor,D:\Voice Authetication ESPNET\datasetvox\vox1_indian\content\vox_indian\id11071\00007_5.wav,Randeep_Hooda,7.015103816986084,0
Shahid_Kapoor,D:\Voice Authetication ESPNET\datasetvox\vox1_indian\content\vox_indian\id11071\00005.wav,Shahid_Kapoor,9.381515502929688,1
Shahid_Kapoor,D:\Voice Authetication ESPNET\datasetvox\vox1_indian\content\vox_indian\id11071\00006_6.wav,Shahid_Kapoor,8.552732467651367,1
Shahid_Kapoor,D:\Voice Authetication ESPNET\datasetvox\vox1_indian\content\vox_indian\id11071\00003_2.wav,Shahid_Kapoor,6.103917121887207,1
Shahid_Kapoor,D:\Voice Authetication ESPNET\datasetvox\vox1_indian\content\vox_indian\id11071\00001_12.wav,Shahid_Kapoor,8.082762718200684,1
Shahid_Kapoor,D:\Voice Authetication ESPNET\datasetvox\vox1_indian\content\vox_indian\id11071\00004_3.wav,Shahid_Kapoor,6.821334362030029,1
Shahid_Kapoor,D:\Voice Authetication ESPNET\datasetvox\vox1_indian\content\vox_indian\id11071\00001_7.wav,Amitabh_Bachchan,8.758816719055176,0
Shahid_Kapoor,D:\Voice Authetication ESPNET\datasetvox\vox1_indian\content\vox_indian\id11071\00006_4.wav,Shahid_Kapoor,6.246131896972656,1
Shahid_Kapoor,D:\Voice Authetication ESPNET\datasetvox\vox1_indian\content\vox_indian\id11071\00001_3.wav,Shahid_Kapoor,8.716582298278809,1
Shahid_Kapoor,D:\Voice Authetication ESPNET\datasetvox\vox1_indian\content\vox_indian\id11071\00006_2.wav,Shahid_Kapoor,7.273298740386963,1
Shahid_Kapoor,D:\Voice Authetication ESPNET\datasetvox\vox1_indian\content\vox_indian\id11071\00013_1.wav,Shahid_Kapoor,8.945147514343262,1
Shahid_Kapoor,D:\Voice Authetication ESPNET\datasetvox\vox1_indian\content\vox_indian\id11071\00001_17.wav,Shahid_Kapoor,7.385362148284912,1
Shahid_Kapoor,D:\Voice Authetication ESPNET\datasetvox\vox1_indian\content\vox_indian\id11071\00002_1.wav,Naseerudhin_Shah,9.145233154296877,0
Shraddha_Kapoor,D:\Voice Authetication ESPNET\datasetvox\vox1_indian\content\vox_indian\id11089\00010_1.wav,Akshay_Kumar,8.667645454406738,0
Shraddha_Kapoor,D:\Voice Authetication ESPNET\datasetvox\vox1_indian\content\vox_indian\id11089\00006_3.wav,Shraddha_Kapoor,7.602767467498779,1
Shraddha_Kapoor,D:\Voice Authetication ESPNET\datasetvox\vox1_indian\content\vox_indian\id11089\00001_28.wav,Parineeti_Chopra,6.899104595184326,0
Shraddha_Kapoor,D:\Voice Authetication ESPNET\datasetvox\vox1_indian\content\vox_indian\id11089\00003.wav,Parineeti_Chopra,8.346644401550293,0
Shraddha_Kapoor,D:\Voice Authetication ESPNET\datasetvox\vox1_indian\content\vox_indian\id11089\00006_2.wav,Akshay_Kumar,8.499777793884277,0
Shraddha_Kapoor,D:\Voice Authetication ESPNET\datasetvox\vox1_indian\content\vox_indian\id11089\00007.wav,Parineeti_Chopra,7.817246913909912,0
Shraddha_Kapoor,D:\Voice Authetication ESPNET\datasetvox\vox1_indian\content\vox_indian\id11089\00035.wav,Akshay_Kumar,6.703211784362793,0
Shraddha_Kapoor,D:\Voice Authetication ESPNET\datasetvox\vox1_indian\content\vox_indian\id11089\00007_1.wav,Sonam_Kapoor,9.45659637451172,0
Shraddha_Kapoor,D:\Voice Authetication ESPNET\datasetvox\vox1_indian\content\vox_indian\id11089\00003_8.wav,Shraddha_Kapoor,10.04555320739746,1
Shraddha_Kapoor,D:\Voice Authetication ESPNET\datasetvox\vox1_indian\content\vox_indian\id11089\00002_18.wav,Parineeti_Chopra,7.204742431640625,0
Shraddha_Kapoor,D:\Voice Authetication ESPNET\datasetvox\vox1_indian\content\vox_indian\id11089\00036.wav,Akshay_Kumar,8.902791023254395,0
Shraddha_Kapoor,D:\Voice Authetication ESPNET\datasetvox\vox1_indian\content\vox_indian\id11089\00003_16.wav,Parineeti_Chopra,7.432316780090332,0
Shraddha_Kapoor,D:\Voice Authetication ESPNET\datasetvox\vox1_indian\content\vox_indian\id11089\00001_13.wav,Ranbir_Kapoor,8.291485786437988,0
Shraddha_Kapoor,D:\Voice Authetication ESPNET\datasetvox\vox1_indian\content\vox_indian\id11089\00023.wav,Akshay_Kumar,7.625146389007568,0
Shraddha_Kapoor,D:\Voice Authetication ESPNET\datasetvox\vox1_indian\content\vox_indian\id11089\00009_3.wav,Shraddha_Kapoor,7.391674041748047,1
Shraddha_Kapoor,D:\Voice Authetication ESPNET\datasetvox\vox1_indian\content\vox_indian\id11089\00001_25.wav,Mallika_Sherawat,7.974140167236328,0
Shraddha_Kapoor,D:\Voice Authetication ESPNET\datasetvox\vox1_indian\content\vox_indian\id11089\00001_9.wav,Parineeti_Chopra,7.235065460205078,0
Shraddha_Kapoor,D:\Voice Authetication ESPNET\datasetvox\vox1_indian\content\vox_indian\id11089\00004_13.wav,Parineeti_Chopra,7.704678535461426,0
Shraddha_Kapoor,D:\Voice Authetication ESPNET\datasetvox\vox1_indian\content\vox_indian\id11089\00010.wav,Sonam_Kapoor,9.290929794311523,0
Shraddha_Kapoor,D:\Voice Authetication ESPNET\datasetvox\vox1_indian\content\vox_indian\id11089\00006_10.wav,Shraddha_Kapoor,6.761615753173828,1
Shraddha_Kapoor,D:\Voice Authetication ESPNET\datasetvox\vox1_indian\content\vox_indian\id11089\00005_11.wav,Akshay_Kumar,10.660865783691406,0
Shraddha_Kapoor,D:\Voice Authetication ESPNET\datasetvox\vox1_indian\content\vox_indian\id11089\00006_8.wav,Akshay_Kumar,7.921121597290039,0
Shraddha_Kapoor,D:\Voice Authetication ESPNET\datasetvox\vox1_indian\content\vox_indian\id11089\00001_15.wav,Sonam_Kapoor,9.867928504943848,0
Shraddha_Kapoor,D:\Voice Authetication ESPNET\datasetvox\vox1_indian\content\vox_indian\id11089\00014_1.wav,Sonam_Kapoor,6.815597534179688,0
Shraddha_Kapoor,D:\Voice Authetication ESPNET\datasetvox\vox1_indian\content\vox_indian\id11089\00002_10.wav,Sonam_Kapoor,10.128658294677734,0
Shraddha_Kapoor,D:\Voice Authetication ESPNET\datasetvox\vox1_indian\content\vox_indian\id11089\00001_2.wav,Akshay_Kumar,8.736597061157227,0
Shraddha_Kapoor,D:\Voice Authetication ESPNET\datasetvox\vox1_indian\content\vox_indian\id11089\00003_9.wav,Parineeti_Chopra,10.927238464355469,0
Shraddha_Kapoor,D:\Voice Authetication ESPNET\datasetvox\vox1_indian\content\vox_indian\id11089\00010_2.wav,Mallika_Sherawat,9.618988990783691,0
Shraddha_Kapoor,D:\Voice Authetication ESPNET\datasetvox\vox1_indian\content\vox_indian\id11089\00006_1.wav,Aamir_Khan,9.394461631774902,0
Shraddha_Kapoor,D:\Voice Authetication ESPNET\datasetvox\vox1_indian\content\vox_indian\id11089\00002_16.wav,Sonam_Kapoor,8.918498039245605,0
Shraddha_Kapoor,D:\Voice Authetication ESPNET\datasetvox\vox1_indian\content\vox_indian\id11089\00004.wav,Sonam_Kapoor,7.212235927581787,0
Shraddha_Kapoor,D:\Voice Authetication ESPNET\datasetvox\vox1_indian\content\vox_indian\id11089\00038.wav,Akshay_Kumar,8.942444801330566,0
Shraddha_Kapoor,D:\Voice Authetication ESPNET\datasetvox\vox1_indian\content\vox_indian\id11089\00001_24.wav,Shraddha_Kapoor,8.393325805664062,1
Shraddha_Kapoor,D:\Voice Authetication ESPNET\datasetvox\vox1_indian\content\vox_indian\id11089\00004_1.wav,Sonam_Kapoor,9.479506492614746,0
Shraddha_Kapoor,D:\Voice Authetication ESPNET\datasetvox\vox1_indian\content\vox_indian\id11089\00001_16.wav,Shraddha_Kapoor,9.398128509521484,1
Shraddha_Kapoor,D:\Voice Authetication ESPNET\datasetvox\vox1_indian\content\vox_indian\id11089\00030.wav,Shraddha_Kapoor,7.19520902633667,1
Shraddha_Kapoor,D:\Voice Authetication ESPNET\datasetvox\vox1_indian\content\vox_indian\id11089\00011_2.wav,Mallika_Sherawat,7.303295612335205,0
Shraddha_Kapoor,D:\Voice Authetication ESPNET\datasetvox\vox1_indian\content\vox_indian\id11089\00021.wav,Akshay_Kumar,10.103045463562012,0
Shraddha_Kapoor,D:\Voice Authetication ESPNET\datasetvox\vox1_indian\content\vox_indian\id11089\00003_10.wav,Parineeti_Chopra,5.850857734680176,0
Shraddha_Kapoor,D:\Voice Authetication ESPNET\datasetvox\vox1_indian\content\vox_indian\id11089\00003_5.wav,Naseerudhin_Shah,8.834928512573242,0
Shraddha_Kapoor,D:\Voice Authetication ESPNET\datasetvox\vox1_indian\content\vox_indian\id11089\00002_14.wav,Sonam_Kapoor,6.565112590789795,0
Shraddha_Kapoor,D:\Voice Authetication ESPNET\datasetvox\vox1_indian\content\vox_indian\id11089\00001_14.wav,Parineeti_Chopra,8.786730766296387,0
Shraddha_Kapoor,D:\Voice Authetication ESPNET\datasetvox\vox1_indian\content\vox_indian\id11089\00005_10.wav,Sonam_Kapoor,9.003385543823242,0
Shraddha_Kapoor,D:\Voice Authetication ESPNET\datasetvox\vox1_indian\content\vox_indian\id11089\00003_4.wav,Shraddha_Kapoor,8.378998756408691,1
Shraddha_Kapoor,D:\Voice Authetication ESPNET\datasetvox\vox1_indian\content\vox_indian\id11089\00004_4.wav,Suraj_Sharma,10.342025756835938,0
Sonam_Kapoor,D:\Voice Authetication ESPNET\datasetvox\vox1_indian\content\vox_indian\id11100\00012_1.wav,Suraj_Sharma,8.402423858642578,0
Sonam_Kapoor,D:\Voice Authetication ESPNET\datasetvox\vox1_indian\content\vox_indian\id11100\00008_1.wav,Sonam_Kapoor,6.454337120056152,1
Sonam_Kapoor,D:\Voice Authetication ESPNET\datasetvox\vox1_indian\content\vox_indian\id11100\00006_12.wav,Sonam_Kapoor,8.963630676269531,1
Sonam_Kapoor,D:\Voice Authetication ESPNET\datasetvox\vox1_indian\content\vox_indian\id11100\00003_1.wav,Sonam_Kapoor,7.834211826324463,1
Sonam_Kapoor,D:\Voice Authetication ESPNET\datasetvox\vox1_indian\content\vox_indian\id11100\00004_13.wav,Sonam_Kapoor,9.048519134521484,1
Sonam_Kapoor,D:\Voice Authetication ESPNET\datasetvox\vox1_indian\content\vox_indian\id11100\00001_25.wav,Tabu,9.559298515319824,0
Sonam_Kapoor,D:\Voice Authetication ESPNET\datasetvox\vox1_indian\content\vox_indian\id11100\00003_13.wav,Freida_Pinto,8.178133964538574,0
Sonam_Kapoor,D:\Voice Authetication ESPNET\datasetvox\vox1_indian\content\vox_indian\id11100\00016_1.wav,Sonam_Kapoor,7.815066337585449,1
Sonam_Kapoor,D:\Voice Authetication ESPNET\datasetvox\vox1_indian\content\vox_indian\id11100\00001_21.wav,Akshay_Kumar,11.014997482299805,0
Sonam_Kapoor,D:\Voice Authetication ESPNET\datasetvox\vox1_indian\content\vox_indian\id11100\00010_3.wav,Sonam_Kapoor,7.839815139770508,1
Sonam_Kapoor,D:\Voice Authetication ESPNET\datasetvox\vox1_indian\content\vox_indian\id11100\00006_10.wav,Sonam_Kapoor,8.598895072937012,1
Sonam_Kapoor,D:\Voice Authetication ESPNET\datasetvox\vox1_indian\content\vox_indian\id11100\00007_13.wav,Akshay_Kumar,8.07342529296875,0
Sonam_Kapoor,D:\Voice Authetication ESPNET\datasetvox\vox1_indian\content\vox_indian\id11100\00001_12.wav,Sonam_Kapoor,8.837904930114746,1
Sonam_Kapoor,D:\Voice Authetication ESPNET\datasetvox\vox1_indian\content\vox_indian\id11100\00005_7.wav,Sonam_Kapoor,7.373815536499023,1
Sonam_Kapoor,D:\Voice Authetication ESPNET\datasetvox\vox1_indian\content\vox_indian\id11100\00020_1.wav,Sonam_Kapoor,7.182755947113037,1
Sonam_Kapoor,D:\Voice Authetication ESPNET\datasetvox\vox1_indian\content\vox_indian\id11100\00008_8.wav,Sonam_Kapoor,8.533039093017578,1
Sonam_Kapoor,D:\Voice Authetication ESPNET\datasetvox\vox1_indian\content\vox_indian\id11100\00006_15.wav,Sonam_Kapoor,10.012426376342772,1
Sonam_Kapoor,D:\Voice Authetication ESPNET\datasetvox\vox1_indian\content\vox_indian\id11100\00026.wav,Sonam_Kapoor,7.600387096405029,1
Sonam_Kapoor,D:\Voice Authetication ESPNET\datasetvox\vox1_indian\content\vox_indian\id11100\00004_5.wav,Akshay_Kumar,9.76529598236084,0
Sonam_Kapoor,D:\Voice Authetication ESPNET\datasetvox\vox1_indian\content\vox_indian\id11100\00009_10.wav,Sonam_Kapoor,8.040701866149902,1
Sonam_Kapoor,D:\Voice Authetication ESPNET\datasetvox\vox1_indian\content\vox_indian\id11100\00010_5.wav,Sonam_Kapoor,9.972947120666504,1
Sonam_Kapoor,D:\Voice Authetication ESPNET\datasetvox\vox1_indian\content\vox_indian\id11100\00004_7.wav,Sonam_Kapoor,8.992182731628418,1
Sonam_Kapoor,D:\Voice Authetication ESPNET\datasetvox\vox1_indian\content\vox_indian\id11100\00011_3.wav,Suraj_Sharma,13.158269882202148,0
Sonam_Kapoor,D:\Voice Authetication ESPNET\datasetvox\vox1_indian\content\vox_indian\id11100\00002_23.wav,Sonam_Kapoor,11.023126602172852,1
Sonam_Kapoor,D:\Voice Authetication ESPNET\datasetvox\vox1_indian\content\vox_indian\id11100\00007_4.wav,Sonam_Kapoor,7.080981254577637,1
Sonam_Kapoor,D:\Voice Authetication ESPNET\datasetvox\vox1_indian\content\vox_indian\id11100\00006_13.wav,Suraj_Sharma,9.357967376708984,0
Sonam_Kapoor,D:\Voice Authetication ESPNET\datasetvox\vox1_indian\content\vox_indian\id11100\00001_18.wav,Sonam_Kapoor,9.410642623901367,1
Sonam_Kapoor,D:\Voice Authetication ESPNET\datasetvox\vox1_indian\content\vox_indian\id11100\00018_2.wav,Parineeti_Chopra,7.123891830444336,0
Sonam_Kapoor,D:\Voice Authetication ESPNET\datasetvox\vox1_indian\content\vox_indian\id11100\00025.wav,Sonam_Kapoor,8.420147895812988,1
Sonam_Kapoor,D:\Voice Authetication ESPNET\datasetvox\vox1_indian\content\vox_indian\id11100\00002_12.wav,Sonam_Kapoor,8.578291893005371,1
Sonam_Kapoor,D:\Voice Authetication ESPNET\datasetvox\vox1_indian\content\vox_indian\id11100\00006_11.wav,Freida_Pinto,10.357860565185549,0
Sonam_Kapoor,D:\Voice Authetication ESPNET\datasetvox\vox1_indian\content\vox_indian\id11100\00005_12.wav,Freida_Pinto,13.166433334350586,0
Sonam_Kapoor,D:\Voice Authetication ESPNET\datasetvox\vox1_indian\content\vox_indian\id11100\00005_14.wav,Sonam_Kapoor,10.106294631958008,1
Sonam_Kapoor,D:\Voice Authetication ESPNET\datasetvox\vox1_indian\content\vox_indian\id11100\00015.wav,Parineeti_Chopra,7.558245658874512,0
Sonam_Kapoor,D:\Voice Authetication ESPNET\datasetvox\vox1_indian\content\vox_indian\id11100\00015_2.wav,Shraddha_Kapoor,7.237277507781982,0
Sonam_Kapoor,D:\Voice Authetication ESPNET\datasetvox\vox1_indian\content\vox_indian\id11100\00008_11.wav,Tabu,16.2647647857666,0
Sonam_Kapoor,D:\Voice Authetication ESPNET\datasetvox\vox1_indian\content\vox_indian\id11100\00007_10.wav,Sonam_Kapoor,6.948245048522949,1
Sonam_Kapoor,D:\Voice Authetication ESPNET\datasetvox\vox1_indian\content\vox_indian\id11100\00004_9.wav,Sonam_Kapoor,7.629793643951416,1
Sonam_Kapoor,D:\Voice Authetication ESPNET\datasetvox\vox1_indian\content\vox_indian\id11100\00007.wav,Sonam_Kapoor,8.155363082885742,1
Sonam_Kapoor,D:\Voice Authetication ESPNET\datasetvox\vox1_indian\content\vox_indian\id11100\00006_14.wav,Om_Puri,11.506245613098145,0
Sonam_Kapoor,D:\Voice Authetication ESPNET\datasetvox\vox1_indian\content\vox_indian\id11100\00016_2.wav,Sonam_Kapoor,7.587255954742432,1
Sonam_Kapoor,D:\Voice Authetication ESPNET\datasetvox\vox1_indian\content\vox_indian\id11100\00019_2.wav,Suraj_Sharma,8.979260444641113,0
Sonam_Kapoor,D:\Voice Authetication ESPNET\datasetvox\vox1_indian\content\vox_indian\id11100\00004.wav,Sonam_Kapoor,6.239556312561035,1
Sonam_Kapoor,D:\Voice Authetication ESPNET\datasetvox\vox1_indian\content\vox_indian\id11100\00007_7.wav,Suraj_Sharma,7.889912128448486,0
Sonam_Kapoor,D:\Voice Authetication ESPNET\datasetvox\vox1_indian\content\vox_indian\id11100\00003_10.wav,Freida_Pinto,10.547069549560549,0
Suraj_Sharma,D:\Voice Authetication ESPNET\datasetvox\vox1_indian\content\vox_indian\id11130\00016_3.wav,Suraj_Sharma,6.845972061157227,1
Suraj_Sharma,D:\Voice Authetication ESPNET\datasetvox\vox1_indian\content\vox_indian\id11130\00001_7.wav,Suraj_Sharma,8.879657745361328,1
Suraj_Sharma,D:\Voice Authetication ESPNET\datasetvox\vox1_indian\content\vox_indian\id11130\00003_14.wav,Pooja_Kumar,6.978995800018311,0
Suraj_Sharma,D:\Voice Authetication ESPNET\datasetvox\vox1_indian\content\vox_indian\id11130\00002_1.wav,Suraj_Sharma,7.643270492553711,1
Suraj_Sharma,D:\Voice Authetication ESPNET\datasetvox\vox1_indian\content\vox_indian\id11130\00001_20.wav,Ranbir_Kapoor,14.461828231811523,0
Suraj_Sharma,D:\Voice Authetication ESPNET\datasetvox\vox1_indian\content\vox_indian\id11130\00003_6.wav,Suraj_Sharma,7.627037048339844,1
Suraj_Sharma,D:\Voice Authetication ESPNET\datasetvox\vox1_indian\content\vox_indian\id11130\00003_16.wav,Suraj_Sharma,8.878401756286621,1
Suraj_Sharma,D:\Voice Authetication ESPNET\datasetvox\vox1_indian\content\vox_indian\id11130\00010_3.wav,Suraj_Sharma,8.952486991882324,1
Suraj_Sharma,D:\Voice Authetication ESPNET\datasetvox\vox1_indian\content\vox_indian\id11130\00006_2.wav,Suraj_Sharma,7.725266456604004,1
Suraj_Sharma,D:\Voice Authetication ESPNET\datasetvox\vox1_indian\content\vox_indian\id11130\00013_5.wav,Akshay_Kumar,7.462083339691162,0
Suraj_Sharma,D:\Voice Authetication ESPNET\datasetvox\vox1_indian\content\vox_indian\id11130\00006_16.wav,Suraj_Sharma,7.708888530731201,1
Suraj_Sharma,D:\Voice Authetication ESPNET\datasetvox\vox1_indian\content\vox_indian\id11130\00006_14.wav,Suraj_Sharma,7.933635234832764,1
Suraj_Sharma,D:\Voice Authetication ESPNET\datasetvox\vox1_indian\content\vox_indian\id11130\00016.wav,Suraj_Sharma,6.213257789611816,1
Suraj_Sharma,D:\Voice Authetication ESPNET\datasetvox\vox1_indian\content\vox_indian\id11130\00001_14.wav,Suraj_Sharma,7.477940082550049,1
Suraj_Sharma,D:\Voice Authetication ESPNET\datasetvox\vox1_indian\content\vox_indian\id11130\00025.wav,Suraj_Sharma,7.915493965148926,1
Suraj_Sharma,D:\Voice Authetication ESPNET\datasetvox\vox1_indian\content\vox_indian\id11130\00004_19.wav,Parineeti_Chopra,8.765796661376953,0
Suraj_Sharma,D:\Voice Authetication ESPNET\datasetvox\vox1_indian\content\vox_indian\id11130\00008_8.wav,Suraj_Sharma,6.094311714172363,1
Suraj_Sharma,D:\Voice Authetication ESPNET\datasetvox\vox1_indian\content\vox_indian\id11130\00006.wav,Suraj_Sharma,7.48188591003418,1
Suraj_Sharma,D:\Voice Authetication ESPNET\datasetvox\vox1_indian\content\vox_indian\id11130\00014_2.wav,Freida_Pinto,10.045805931091309,0
Suraj_Sharma,D:\Voice Authetication ESPNET\datasetvox\vox1_indian\content\vox_indian\id11130\00004_15.wav,Suraj_Sharma,9.19923210144043,1
Suraj_Sharma,D:\Voice Authetication ESPNET\datasetvox\vox1_indian\content\vox_indian\id11130\00014.wav,Suraj_Sharma,10.216313362121582,1
Suraj_Sharma,D:\Voice Authetication ESPNET\datasetvox\vox1_indian\content\vox_indian\id11130\00023.wav,Suraj_Sharma,6.345841407775879,1
Suraj_Sharma,D:\Voice Authetication ESPNET\datasetvox\vox1_indian\content\vox_indian\id11130\00005_9.wav,Naseerudhin_Shah,11.038246154785156,0
Suraj_Sharma,D:\Voice Authetication ESPNET\datasetvox\vox1_indian\content\vox_indian\id11130\00006_15.wav,Suraj_Sharma,7.18222188949585,1
Suraj_Sharma,D:\Voice Authetication ESPNET\datasetvox\vox1_indian\content\vox_indian\id11130\00006_10.wav,Suraj_Sharma,8.696272850036621,1
Suraj_Sharma,D:\Voice Authetication ESPNET\datasetvox\vox1_indian\content\vox_indian\id11130\00011_3.wav,Suraj_Sharma,9.207961082458496,1
Suraj_Sharma,D:\Voice Authetication ESPNET\datasetvox\vox1_indian\content\vox_indian\id11130\00018_1.wav,Suraj_Sharma,9.086309432983398,1
Suraj_Sharma,D:\Voice Authetication ESPNET\datasetvox\vox1_indian\content\vox_indian\id11130\00007_11.wav,Freida_Pinto,9.990872383117676,0
Suraj_Sharma,D:\Voice Authetication ESPNET\datasetvox\vox1_indian\content\vox_indian\id11130\00007_4.wav,Suraj_Sharma,9.27664279937744,1
Suraj_Sharma,D:\Voice Authetication ESPNET\datasetvox\vox1_indian\content\vox_indian\id11130\00022.wav,Suraj_Sharma,6.478545665740967,1
Suraj_Sharma,D:\Voice Authetication ESPNET\datasetvox\vox1_indian\content\vox_indian\id11130\00003_18.wav,Suraj_Sharma,8.724471092224121,1
Suraj_Sharma,D:\Voice Authetication ESPNET\datasetvox\vox1_indian\content\vox_indian\id11130\00006_5.wav,Suraj_Sharma,7.710341930389404,1
Suraj_Sharma,D:\Voice Authetication ESPNET\datasetvox\vox1_indian\content\vox_indian\id11130\00002_10.wav,Shahid_Kapoor,8.1521635055542,0
Suraj_Sharma,D:\Voice Authetication ESPNET\datasetvox\vox1_indian\content\vox_indian\id11130\00011_1.wav,Suraj_Sharma,7.486272811889648,1
Suraj_Sharma,D:\Voice Authetication ESPNET\datasetvox\vox1_indian\content\vox_indian\id11130\00001_9.wav,Naseerudhin_Shah,10.048622131347656,0
Suraj_Sharma,D:\Voice Authetication ESPNET\datasetvox\vox1_indian\content\vox_indian\id11130\00004_1.wav,Suraj_Sharma,6.86619758605957,1
Suraj_Sharma,D:\Voice Authetication ESPNET\datasetvox\vox1_indian\content\vox_indian\id11130\00001_5.wav,Naseerudhin_Shah,9.049468040466309,0
Suraj_Sharma,D:\Voice Authetication ESPNET\datasetvox\vox1_indian\content\vox_indian\id11130\00011_6.wav,Suraj_Sharma,6.586906909942627,1
Suraj_Sharma,D:\Voice Authetication ESPNET\datasetvox\vox1_indian\content\vox_indian\id11130\00014_1.wav,Suraj_Sharma,7.877837181091309,1
Suraj_Sharma,D:\Voice Authetication ESPNET\datasetvox\vox1_indian\content\vox_indian\id11130\00023_1.wav,Suraj_Sharma,8.196216583251953,1
Suraj_Sharma,D:\Voice Authetication ESPNET\datasetvox\vox1_indian\content\vox_indian\id11130\00009_9.wav,Suraj_Sharma,8.410147666931152,1
Suraj_Sharma,D:\Voice Authetication ESPNET\datasetvox\vox1_indian\content\vox_indian\id11130\00002_14.wav,Suraj_Sharma,7.143852710723877,1
Suraj_Sharma,D:\Voice Authetication ESPNET\datasetvox\vox1_indian\content\vox_indian\id11130\00002_20.wav,Suraj_Sharma,6.979861736297607,1
Suraj_Sharma,D:\Voice Authetication ESPNET\datasetvox\vox1_indian\content\vox_indian\id11130\00012_5.wav,Suraj_Sharma,9.558982849121094,1
Suraj_Sharma,D:\Voice Authetication ESPNET\datasetvox\vox1_indian\content\vox_indian\id11130\00010_2.wav,Suraj_Sharma,8.611807823181152,1
Tabu,D:\Voice Authetication ESPNET\datasetvox\vox1_indian\content\vox_indian\id11136\00001_2.wav,Om_Puri,10.350513458251951,0
Tabu,D:\Voice Authetication ESPNET\datasetvox\vox1_indian\content\vox_indian\id11136\00002_1.wav,Akshay_Kumar,8.471163749694824,0
Tabu,D:\Voice Authetication ESPNET\datasetvox\vox1_indian\content\vox_indian\id11136\00014.wav,Tabu,6.415984630584717,1
Tabu,D:\Voice Authetication ESPNET\datasetvox\vox1_indian\content\vox_indian\id11136\00006.wav,Tabu,10.450199127197266,1
Tabu,D:\Voice Authetication ESPNET\datasetvox\vox1_indian\content\vox_indian\id11136\00015.wav,Akshay_Kumar,11.052101135253906,0
Tabu,D:\Voice Authetication ESPNET\datasetvox\vox1_indian\content\vox_indian\id11136\00001_8.wav,Sonam_Kapoor,8.917092323303223,0
Tabu,D:\Voice Authetication ESPNET\datasetvox\vox1_indian\content\vox_indian\id11136\00003_4.wav,Parineeti_Chopra,10.10331916809082,0
Tabu,D:\Voice Authetication ESPNET\datasetvox\vox1_indian\content\vox_indian\id11136\00003_3.wav,Parineeti_Chopra,8.902318954467773,0
Tabu,D:\Voice Authetication ESPNET\datasetvox\vox1_indian\content\vox_indian\id11136\00010_1.wav,Sonam_Kapoor,8.157256126403809,0
Tabu,D:\Voice Authetication ESPNET\datasetvox\vox1_indian\content\vox_indian\id11136\00002_3.wav,Tabu,8.883917808532715,1
Tabu,D:\Voice Authetication ESPNET\datasetvox\vox1_indian\content\vox_indian\id11136\00001_12.wav,Akshay_Kumar,10.995195388793944,0
Tabu,D:\Voice Authetication ESPNET\datasetvox\vox1_indian\content\vox_indian\id11136\00003_1.wav,Naseerudhin_Shah,12.111690521240234,0
Tabu,D:\Voice Authetication ESPNET\datasetvox\vox1_indian\content\vox_indian\id11136\00011.wav,Tabu,11.146822929382324,1
Tabu,D:\Voice Authetication ESPNET\datasetvox\vox1_indian\content\vox_indian\id11136\00004_2.wav,Shahid_Kapoor,10.928747177124023,0
Tabu,D:\Voice Authetication ESPNET\datasetvox\vox1_indian\content\vox_indian\id11136\00011_1.wav,Suraj_Sharma,9.884665489196776,0
Tabu,D:\Voice Authetication ESPNET\datasetvox\vox1_indian\content\vox_indian\id11136\00001_11.wav,Sonam_Kapoor,8.11783218383789,0
Tabu,D:\Voice Authetication ESPNET\datasetvox\vox1_indian\content\vox_indian\id11136\00004_3.wav,Sonam_Kapoor,7.483692646026611,0
Tabu,D:\Voice Authetication ESPNET\datasetvox\vox1_indian\content\vox_indian\id11136\00001_1.wav,Kanagana_Ranaut,9.033868789672852,0
Tabu,D:\Voice Authetication ESPNET\datasetvox\vox1_indian\content\vox_indian\id11136\00002_2.wav,Akshay_Kumar,8.31247329711914,0
Tabu,D:\Voice Authetication ESPNET\datasetvox\vox1_indian\content\vox_indian\id11136\00017.wav,Om_Puri,9.4179048538208,0
Tabu,D:\Voice Authetication ESPNET\datasetvox\vox1_indian\content\vox_indian\id11136\00009.wav,Akshay_Kumar,9.312315940856934,0
Tabu,D:\Voice Authetication ESPNET\datasetvox\vox1_indian\content\vox_indian\id11136\00002.wav,Tabu,9.068198204040527,1
Tabu,D:\Voice Authetication ESPNET\datasetvox\vox1_indian\content\vox_indian\id11136\00001.wav,Akshay_Kumar,9.87637710571289,0
Tabu,D:\Voice Authetication ESPNET\datasetvox\vox1_indian\content\vox_indian\id11136\00007_1.wav,Parineeti_Chopra,9.600390434265137,0
Tabu,D:\Voice Authetication ESPNET\datasetvox\vox1_indian\content\vox_indian\id11136\00008_1.wav,Parineeti_Chopra,9.9655122756958,0
Tabu,D:\Voice Authetication ESPNET\datasetvox\vox1_indian\content\vox_indian\id11136\00008.wav,Tabu,9.99045181274414,1
Tabu,D:\Voice Authetication ESPNET\datasetvox\vox1_indian\content\vox_indian\id11136\00003_2.wav,Shahid_Kapoor,9.786384582519531,0
Tabu,D:\Voice Authetication ESPNET\datasetvox\vox1_indian\content\vox_indian\id11136\00004.wav,Akshay_Kumar,9.14615535736084,0
Tabu,D:\Voice Authetication ESPNET\datasetvox\vox1_indian\content\vox_indian\id11136\00013.wav,Akshay_Kumar,9.005958557128906,0
Tabu,D:\Voice Authetication ESPNET\datasetvox\vox1_indian\content\vox_indian\id11136\00006_1.wav,Tabu,13.759344100952148,1
Tabu,D:\Voice Authetication ESPNET\datasetvox\vox1_indian\content\vox_indian\id11136\00002_8.wav,Sonam_Kapoor,8.906099319458008,0
Tabu,D:\Voice Authetication ESPNET\datasetvox\vox1_indian\content\vox_indian\id11136\00006_2.wav,Aamir_Khan,8.50473403930664,0
Tabu,D:\Voice Authetication ESPNET\datasetvox\vox1_indian\content\vox_indian\id11136\00001_5.wav,Sonam_Kapoor,9.045514106750488,0
Tabu,D:\Voice Authetication ESPNET\datasetvox\vox1_indian\content\vox_indian\id11136\00009_1.wav,Sonam_Kapoor,10.023947715759276,0
Tabu,D:\Voice Authetication ESPNET\datasetvox\vox1_indian\content\vox_indian\id11136\00004_4.wav,Naseerudhin_Shah,11.864249229431152,0
Tabu,D:\Voice Authetication ESPNET\datasetvox\vox1_indian\content\vox_indian\id11136\00004_1.wav,Naseerudhin_Shah,9.158183097839355,0
Tabu,D:\Voice Authetication ESPNET\datasetvox\vox1_indian\content\vox_indian\id11136\00007.wav,Om_Puri,9.24622631072998,0
Tabu,D:\Voice Authetication ESPNET\datasetvox\vox1_indian\content\vox_indian\id11136\00005.wav,Akshay_Kumar,8.826687812805176,0
Tabu,D:\Voice Authetication ESPNET\datasetvox\vox1_indian\content\vox_indian\id11136\00012.wav,Tabu,8.226897239685059,1
Tabu,D:\Voice Authetication ESPNET\datasetvox\vox1_indian\content\vox_indian\id11136\00001_7.wav,Naseerudhin_Shah,9.20683479309082,0
Tabu,D:\Voice Authetication ESPNET\datasetvox\vox1_indian\content\vox_indian\id11136\00001_3.wav,Akshay_Kumar,8.081270217895508,0
Tabu,D:\Voice Authetication ESPNET\datasetvox\vox1_indian\content\vox_indian\id11136\00016.wav,Akshay_Kumar,7.557379245758057,0
Tabu,D:\Voice Authetication ESPNET\datasetvox\vox1_indian\content\vox_indian\id11136\00002_7.wav,Shahid_Kapoor,9.035228729248049,0
Tabu,D:\Voice Authetication ESPNET\datasetvox\vox1_indian\content\vox_indian\id11136\00001_4.wav,Naseerudhin_Shah,9.043953895568848,0
Tabu,D:\Voice Authetication ESPNET\datasetvox\vox1_indian\content\vox_indian\id11136\00010.wav,Akshay_Kumar,8.283979415893555,0
Vidya_Balan,D:\Voice Authetication ESPNET\datasetvox\vox1_indian\content\vox_indian\id11209\00009_2.wav,Akshay_Kumar,8.267497062683105,0
Vidya_Balan,D:\Voice Authetication ESPNET\datasetvox\vox1_indian\content\vox_indian\id11209\00006.wav,Vidya_Balan,10.193039894104004,1
Vidya_Balan,D:\Voice Authetication ESPNET\datasetvox\vox1_indian\content\vox_indian\id11209\00012_11.wav,Naseerudhin_Shah,12.465782165527344,0
Vidya_Balan,D:\Voice Authetication ESPNET\datasetvox\vox1_indian\content\vox_indian\id11209\00008_1.wav,Om_Puri,9.528892517089844,0
Vidya_Balan,D:\Voice Authetication ESPNET\datasetvox\vox1_indian\content\vox_indian\id11209\00003_22.wav,Shraddha_Kapoor,7.9605841636657715,0
Vidya_Balan,D:\Voice Authetication ESPNET\datasetvox\vox1_indian\content\vox_indian\id11209\00001_1.wav,Sonam_Kapoor,8.76861572265625,0
Vidya_Balan,D:\Voice Authetication ESPNET\datasetvox\vox1_indian\content\vox_indian\id11209\00028_2.wav,Suraj_Sharma,9.136517524719238,0
Vidya_Balan,D:\Voice Authetication ESPNET\datasetvox\vox1_indian\content\vox_indian\id11209\00003_15.wav,Vidya_Balan,7.0076446533203125,1
Vidya_Balan,D:\Voice Authetication ESPNET\datasetvox\vox1_indian\content\vox_indian\id11209\00019_5.wav,Parineeti_Chopra,9.7583646774292,0
Vidya_Balan,D:\Voice Authetication ESPNET\datasetvox\vox1_indian\content\vox_indian\id11209\00008_10.wav,Om_Puri,8.406218528747559,0
Vidya_Balan,D:\Voice Authetication ESPNET\datasetvox\vox1_indian\content\vox_indian\id11209\00003_26.wav,Om_Puri,10.772390365600586,0
Vidya_Balan,D:\Voice Authetication ESPNET\datasetvox\vox1_indian\content\vox_indian\id11209\00010_2.wav,Vidya_Balan,6.891361713409424,1
Vidya_Balan,D:\Voice Authetication ESPNET\datasetvox\vox1_indian\content\vox_indian\id11209\00005_1.wav,Suraj_Sharma,8.894168853759766,0
Vidya_Balan,D:\Voice Authetication ESPNET\datasetvox\vox1_indian\content\vox_indian\id11209\00009_3.wav,Parineeti_Chopra,9.64465045928955,0
Vidya_Balan,D:\Voice Authetication ESPNET\datasetvox\vox1_indian\content\vox_indian\id11209\00013_9.wav,Vidya_Balan,7.816505432128906,1
Vidya_Balan,D:\Voice Authetication ESPNET\datasetvox\vox1_indian\content\vox_indian\id11209\00011.wav,Vidya_Balan,9.248945236206056,1
Vidya_Balan,D:\Voice Authetication ESPNET\datasetvox\vox1_indian\content\vox_indian\id11209\00007_2.wav,Akshay_Kumar,8.13178539276123,0
Vidya_Balan,D:\Voice Authetication ESPNET\datasetvox\vox1_indian\content\vox_indian\id11209\00004_19.wav,Parineeti_Chopra,9.220138549804688,0
Vidya_Balan,D:\Voice Authetication ESPNET\datasetvox\vox1_indian\content\vox_indian\id11209\00009_10.wav,Amitabh_Bachchan,9.71186065673828,0
Vidya_Balan,D:\Voice Authetication ESPNET\datasetvox\vox1_indian\content\vox_indian\id11209\00008_8.wav,Parineeti_Chopra,8.52444076538086,0
Vidya_Balan,D:\Voice Authetication ESPNET\datasetvox\vox1_indian\content\vox_indian\id11209\00006_10.wav,Parineeti_Chopra,8.240699768066406,0
Vidya_Balan,D:\Voice Authetication ESPNET\datasetvox\vox1_indian\content\vox_indian\id11209\00004.wav,Sonam_Kapoor,8.137507438659668,0
Vidya_Balan,D:\Voice Authetication ESPNET\datasetvox\vox1_indian\content\vox_indian\id11209\00025_3.wav,Mallika_Sherawat,7.894744396209717,0
Vidya_Balan,D:\Voice Authetication ESPNET\datasetvox\vox1_indian\content\vox_indian\id11209\00008_15.wav,Naseerudhin_Shah,7.970070362091064,0
Vidya_Balan,D:\Voice Authetication ESPNET\datasetvox\vox1_indian\content\vox_indian\id11209\00003_4.wav,Akshay_Kumar,7.91234827041626,0
Vidya_Balan,D:\Voice Authetication ESPNET\datasetvox\vox1_indian\content\vox_indian\id11209\00002_14.wav,Sonam_Kapoor,9.661636352539062,0
Vidya_Balan,D:\Voice Authetication ESPNET\datasetvox\vox1_indian\content\vox_indian\id11209\00018_3.wav,Vidya_Balan,7.9234514236450195,1
Vidya_Balan,D:\Voice Authetication ESPNET\datasetvox\vox1_indian\content\vox_indian\id11209\00001_14.wav,Parineeti_Chopra,8.577088356018066,0
Vidya_Balan,D:\Voice Authetication ESPNET\datasetvox\vox1_indian\content\vox_indian\id11209\00029.wav,Vidya_Balan,10.073101997375488,1
Vidya_Balan,D:\Voice Authetication ESPNET\datasetvox\vox1_indian\content\vox_indian\id11209\00004_2.wav,Akshay_Kumar,9.591398239135742,0
Vidya_Balan,D:\Voice Authetication ESPNET\datasetvox\vox1_indian\content\vox_indian\id11209\00006_12.wav,Aamir_Khan,10.661750793457031,0
Vidya_Balan,D:\Voice Authetication ESPNET\datasetvox\vox1_indian\content\vox_indian\id11209\00016_2.wav,Sonam_Kapoor,7.536623954772949,0
Vidya_Balan,D:\Voice Authetication ESPNET\datasetvox\vox1_indian\content\vox_indian\id11209\00014_6.wav,Vidya_Balan,6.228251934051514,1
Vidya_Balan,D:\Voice Authetication ESPNET\datasetvox\vox1_indian\content\vox_indian\id11209\00004_22.wav,Sonam_Kapoor,9.515968322753906,0
Vidya_Balan,D:\Voice Authetication ESPNET\datasetvox\vox1_indian\content\vox_indian\id11209\00022_5.wav,Sonam_Kapoor,6.572993755340576,0
Vidya_Balan,D:\Voice Authetication ESPNET\datasetvox\vox1_indian\content\vox_indian\id11209\00028_1.wav,Parineeti_Chopra,9.56702995300293,0
Vidya_Balan,D:\Voice Authetication ESPNET\datasetvox\vox1_indian\content\vox_indian\id11209\00005_10.wav,Mallika_Sherawat,8.1027250289917,0
Vidya_Balan,D:\Voice Authetication ESPNET\datasetvox\vox1_indian\content\vox_indian\id11209\00019_1.wav,Akshay_Kumar,8.387343406677246,0
Vidya_Balan,D:\Voice Authetication ESPNET\datasetvox\vox1_indian\content\vox_indian\id11209\00002_2.wav,Akshay_Kumar,9.477846145629885,0
Vidya_Balan,D:\Voice Authetication ESPNET\datasetvox\vox1_indian\content\vox_indian\id11209\00012_13.wav,Suraj_Sharma,10.208590507507324,0
Vidya_Balan,D:\Voice Authetication ESPNET\datasetvox\vox1_indian\content\vox_indian\id11209\00021_1.wav,Akshay_Kumar,8.868132591247559,0
Vidya_Balan,D:\Voice Authetication ESPNET\datasetvox\vox1_indian\content\vox_indian\id11209\00016.wav,Akshay_Kumar,8.941278457641602,0
Vidya_Balan,D:\Voice Authetication ESPNET\datasetvox\vox1_indian\content\vox_indian\id11209\00006_7.wav,Sonam_Kapoor,11.65209674835205,0
Vidya_Balan,D:\Voice Authetication ESPNET\datasetvox\vox1_indian\content\vox_indian\id11209\00001_4.wav,Akshay_Kumar,8.82912540435791,0
Vidya_Balan,D:\Voice Authetication ESPNET\datasetvox\vox1_indian\content\vox_indian\id11209\00013_2.wav,Sonam_Kapoor,7.957337379455566,0
